en;cn;tw;ja;ko;id;th;vi;pt;es;ru;fr;sv;de;fi;no;tr;lv;et;lt;pl;nl;ro;gp;sx;el;ys
SPIN;旋转;旋轉;スピン;스핀;PUTAR;หมุน;VÒNG QUAY;GIRAR;GIRO;ВРАЩЕНИЕ;TOURNER;SPINN;SPIN;PYÖRÄYTÄ;SPINN;DÖNDÜR;GRIEZT;KEERUTA;SUKTI;SPIN;SPIN;ÎNVÂRTIRE;SPIN;SPIN;ΠΕΡΙΣΤΡΟΦΗ;SPIN
Balance;余额;餘額;残高;보유금;Saldo;คงเหลือ;Số dư;Saldo;Saldo;Баланс;Solde;Saldo;Balance;Saldo;Saldo;Bakiye;Atlikums;Saldo;Likutis;Saldo;Saldo;Balance;Balance;Balance;Υπόλοιπο;Balance
PAYS;支付;支付;ペイ;페이;Session expired;จ่าย;TRẢ;PAGA;PAGOS;ПЛАТЕЖИ;PAIEMENTS;UTBETALAR;ZAHLT AUS;VOITTO;UTBETALINGER;ÖDEMELER;IZMAKSĀ;VÕIDAB;IŠMOKOS;WYPŁATY;UITBETALINGEN;PLĂTEȘTE;Wins;Wins;ΠΛΗΡΩΝΕΙ;Wins
Bet;投注;投注;ベット;베팅;Taruhan;เดิมพัน;Cược;Aposta;Apuesta;Ставка;Mise;Insats;Wette;Panos;Innsats;Bahis;Likme;Panus;Statymas;Zakład;Inzet;Pariu;Play amount;Play amount;Ποντάρισμα;Play amount
Auto Spin;自动旋转;自動旋轉;自動ス ピン;자동 스핀;Putar Otomatis;หมุนอัต โนมัติ;Vòng Quay Tự Động;Auto Giro;Autogiro;Авт. Вращ.;Tour Auto;Auto snurr;Auto Spin;Kierros;Autospinn;Otomatik Dönme;Automātiskais grieziens;Automaatkeerutus;Automatinis sukimas;Atomatyczny spin;Auto Spin;Auto Spin;Auto Spin;Auto Spin;Αυτόματη περιστροφή;Auto Spin
Turbo Spin;快速旋转;快速旋轉;高速旋回;터보 스핀;PUTARAN TURBO;เทอร์โบสปิน;VÒNG QUAY TURBO;GIRO TURBO ;TURBO GIRO;ТУРБО ВРАЩЕНИЕ;TOUR TURBO;TURBOSPINN;TURBO SPIN;TURBOPYÖRÄYTYS;TURBO SPIN;TURBO DÖNDÜRME;TURBO GRIEZIENS;TURBOKEERUTUS;TURBOSUKIMAS;TURBO SPIN;TURBO SPIN;ÎNVÂRTIRE TURBO;Turbo Spin;Turbo Spin;Turbo Spin;Turbo Spin
Game History;游戏历史记录;遊戲記錄;ゲーム履歴;게임 기록;Riwayat Permainan;ประวัติเกม;Lịch sử ván chơi;Histórico de Jogo;Historial de juego;История игры;Historique de jeu;Spelhistorik;Spielverlauf;Pelihistoria;Spillhistorikk;Oyun Geçmişi;Spēles vēsture;Mängude ajalugu;Žaidimo istorija;Historia gry;Spelgeschiedenis;Istoricul jocului;Game History;Game History;Ιστορικό παιχνιδιού;Game History
BUY;购买;購買;購入;구매;BELI;ซื้อ;MUA;COMPRAR;COMPRAR;КУПИТЬ;ACHETER;KÖP;KAUFEN;OSTA;KJØP;SATIN AL;PIRKT;OSTA;PIRKTI;KUP;KOPEN;BUY;Play;Play;ΑΓΟΡΑ;Play
PLAY;游戏;遊戲;プレイ;플레이;MAIN;เล่น;CHƠI;JOGAR;JUGAR;ИГРАТЬ;JOUER;SPELA;SPIELEN;PELAA;SPILL;OYNA;SPĒLĒT;MÄNGI;LOŠTI;GRAJ;SPELEN;JOC;PLAY;PLAY;ΠΑΙΞΤΕ;PLAY
FREE SPINS;免费旋转;免費旋轉;無料旋回;프리스핀;SPIN GRATIS;ฟรีสปิน;QUAY MIỄN PHÍ;GIROS GRATUITOS;GIROS GRATIS;БЕСП. ВРАЩЕНИЯ;TOURS GRATUITS;GRATISSPINN;KOSTENLOSE SPINS;ILMAISKIERROKSET;GRATISSPINN;ÜCRETSİZ DÖNDÜRME;BEZMAKSAS GRIEZIENI;TASUTA KEERUTUSED;NEMOKAMI SUKIMAI;DARMOWE SPINY;FREE SPINS;ÎNVÂRTIRI GRATUITE;FREE SPINS;FREE SPINS;ΔΩΡΕΑΝ ΠΕΡΙΣΤΡΟΦΕΣ;FREE SPINS
Launch Game History to see the results of previous games you've played;启动游戏历史记录以查看您以前玩过的游戏的结果;開啟遊戲記錄，查閱您之前玩的遊戲結果;ゲーム履歴を開いて以前にプレイしたゲームの結果を確認できます;플레이한 이전 게임의 결과를 보려면 게임 기록을 실행하세요;Buka Riwayat Permainan untuk melihat hasil permainan sebelumnya yang telah Anda mainkan;เปิดประวัติเกมเพื่อดูผลลัพธ์ของเกมที่คุณเล่นไปก่อนหน้านี้;Khởi chạy Lịch sử Ván chơi để xem kết quả của các ván chơi trước đó bạn đã chơi;Abra o Histórico de Jogo para ver os resultados dos jogos anteriores que você jogou;Abre el Historial de juego para ver los resultados de las partidas anteriores;Запустите Историю игры для просмотра результатов ранее сыгранных вами игр;Lancez l'historique des parties pour voir les résultats des parties précédentes auxquelles vous avez joué;Öppna spelhistoriken för att se resultatet av tidigare spel du har spelat;Starte den Spielverlauf, um die Ergebnisse früherer Spiele zu sehen, die du gespielt hast;Avaa Pelihistoria nähdäksesi aiemmin pelaamiesi pelien tulokset;Start spillhistorikk for å se resultatene av tidligere spill du har spilt;Oynadığın önceki oyunların sonuçlarını görmek için Oyun Geçmişini başlat;Atveriet spēles vēsturi, lai redzētu iepriekš izspēlēto spēļu rezultātus;Käivita mängude ajalugu, et näha eelmiste mängude tulemusi, mida oled mänginud;Įjunkite žaidimo istoriją, kad pamatytumėte praėjusių žaistų žaidimų rezultatus;Uruchom Historię gry, aby zobaczyć wyniki poprzednich gier;Start Spelgeschiedenis om de resultaten te bekijken van eerdere spellen die je hebt gespeeld;Lansați Istoricul jocului pentru a vedea rezultatele jocurilor anterioare pe care le-ați jucat;Launch Game History to see the results of previous games you've played;Launch Game History to see the results of previous games you've played;Ξεκινήστε το Ιστορικό παιχνιδιού για να δείτε τα αποτελέσματα των προηγούμενων παιχνιδιών που έχετε παίξει;Launch Game History to see the results of previous games you've played
Show More;显示更多;顯示更多;詳細表示;더 보기;Tampilkan Lebih Banyak;แสดงเพิ่มเติม;Hiển thị thêm;Mostrar mais;Mostrar más;Показать Больше;Afficher plus;Visa mer;Mehr anzeigen;Näytä lisää;Vis mer;Daha Fazla Göster;Rādīt vairāk;Näita rohkem;Rodyti daugiau;Pokaż więcej;Toon meer;Afișați mai mult;Show More;Show More;Εμφάνιση περισσότερων;Show More
START;开始;開始;開始;시작;MULAI;เริ่ม;BẮT ĐẦU;INICIAR;INICIAR;НАЧАТЬ;COMMENCER;START;START;ALOITA;START;BAŞLA;SĀKT;ALUSTA;PRADĖTI;START;STARTEN;START;START;START;ΕΝΑΡΞΗ;START
STOP;停止;停止;ストップ;중지;BERHENTI;หยุด;DỪNG;PARE;PARO;СТОП;STOP;STOPP;STOP;PYSÄYTÄ;STOPP;DURDUR;APURĒT;PEATA;STABDYTI;STOP;STOPPEN;OPRIRE;STOP;STOP;ΔΙΑΚΟΠΗ;STOP
Game(s) Ago;局游戏之前;局遊戲之前;ゲーム前;게임 전;Permainan yang Lalu;เกมที่ผ่านมา;Ván Chơi Trước;Jogo(s) atrás;Partida(s) atrás;Игр(ы) назад;parties depuis;Spel sedan;Spiel(e) zuvor;Peli(ä) sitten;Spill siden;Oyun Önce;Pirms šāda spēļu skaita;Mäng(u) tagasi;Žaidimas (-ai) prieš;Liczba poprzednich gier;Spel(len) geleden;Cu un joc (jocuri) în urmă;Game(s) Ago;Game(s) Ago;Πριν από παιχνίδι(-α);Game(s) Ago
Some Error Occured, please reload your page;发生某个错误，请重新加载页面;發生一些錯誤，請重新載入您的頁面;エラーが発生しました、ページを再読み込みしてください;오류가 발생했습니다. 페이지를 새로고침하세요.;Terjadi Kesalahan, silakan muat ulang halaman Anda;เกิดข้อผิดพลาดบางอย่างขึ้น โปรดโหลดหน้าเว็บของคุณใหม่;Đã xảy ra lỗi, vui lòng tải lại trang của bạn;Ocorreu um erro. Recarregue a sua página;Ocurrió un error, vuelve a cargar la página;Произошла ошибка. Перезагрузите страницу;Une erreur s'est produite, veuillez recharger votre page;Ett fel uppstod. Ladda om sidan;Ein Fehler ist aufgetreten, bitte lade die Seite neu;Tapahtui jokin virhe, lataa sivusi uudelleen;Det oppstod en feil, vennligst last inn siden din på nytt;Bazı Hatalar Oluştu. Lütfen sayfanızı yeniden yükleyin;Radās kļūda. Lūdzu, atkārtoti ielādējiet savu lapu;Tekkis viga, laadi leht uuesti;Įvyko klaida, įkelkite puslapį iš naujo;Wystąpił błąd, załaduj ponownie stronę;Er is een fout opgetreden, laad je pagina opnieuw;A apărut o eroare, reîncărcați pagina;Some Error Occured, please reload your page;Some Error Occured, please reload your page;Παρουσιάστηκε κάποιο σφάλμα, επαναλάβετε τη φόρτωση της σελίδας σας;Some Error Occured, please reload your page
Round;回合;回合;ラウンド;라운드;Babak;รอบ;Vòng;Rodada;Ronda;Раунд;Manche;Runda;Runde;Kierros;Runde;Tur;Kārta;Voor;Raundas;Runda;Ronde;Runda;Round;Round;Γύρος;Round
 will be charged from your balance; 将从您的余额中扣除; 將從您的餘額中扣除; はお客様の残高から請求されます。;<X>(이)가 잔액에서 청구됩니다.; akan dikenakan biaya dari saldo Anda; จะถูกเรียกเก็บเงินจากยอดคงเหลือของคุณ; sẽ được tính phí từ số dư của bạn; será cobrado do seu saldo; se descontarán de su saldo; будет снято с вашего баланса; sera débité de votre solde; debiteras från ditt saldo; wird von Ihrem Guthaben abgebucht; veloitetaan saldostasi; vil bli belastet fra saldoen din; bakiyenizden düşülecek; tiks iekasēts no jūsu atlikuma; võetakse tasu teie saldolt; bus nuskaityta iš jūsų likučio; zostanie pobrane z Twojego salda; zal van uw saldo worden afgetrokken; will be charged from your balance; will be charged from your balance; will be charged from your balance;θα χρεωθεί ποσό [Amount] από το υπόλοιπό σας; will be charged from your balance
 Bet will be used in Feature and in game once Feature completes; 赌注将用于特殊环节以及完成特殊环节后的游戏中; 賭注將用於特殊環節以及完成特殊環節後的遊戲中; ベットは機能で使用され、機能が完了 するとゲームで使用されます。; 베팅을 사용할 수 있습 피처를 한번 갖추면 피처 및 인게임에서니다.; Taruhan akan digunakan dalam Fitur dan dalam permainan setelah Fitur selesai; การเดิมพันจะถูกใช้ในฟีเจอร์และในเกมเมื่อฟีเจอร์จบลง; Bet sẽ được dùng trong tính năng mau và trong màn chơi sau khi hoàn tất; Aposta será usada no Recurso e nojogo quando o Recurso for concluído; Apuesta se usará en las funcionalidades y características del juego y en el juego cuando se cumplan las  funcionalidades y características; Ставка будет применяться во время действия функции, а также после ее завершения; La mise sera utilisée dans la Fonction et dans le jeu une fois la Fonction terminée.; Insatsen kommer att användas i Feature och i spelet när Feature är klar; Die Wette wird im Feature und im Spiel verwendet, sobald das Feature abgeschlossen ist; Panosta käytetään toiminnossa ja pelissä, kun toiminto on suoritettu; Innsats vil bli brukt i funksjonen og i spillet så snart funksjonen fullføres; Bahis Özellik tamamlandığında hem Özellikte hem de oyun içinde  kullanılacak; Likme tiks izmantota Papildspēlē un spēlē pēc Papildspēles beigām; Panust kasutatakse boonusvoorus ja põhimängus pärast boonusvooru lõppemist; Statymas bus naudojamas veikiant Funkcijai ir lošime, kai Funkcija baigs veikti; Zakład zostanie wykorzystany wdodatku i w grze po zakończeniu dodatku; Inzet zal worden gebruikt in Functie en in het game zodra Functie is voltooid; Bet will be used in Feature and in game once Feature completes;Play amount will be used in Feature and  in game once Feature completes;Play amount will be used in Feature and in game once Feature completes;Το ποντάρισμα θα χρησιμοποιηθεί στη Λειτουργία και εντός παιχνιδιού μόλις ολοκληρωθεί η Λειτουργία;Play amount will be used in Feature and in game once Feature completes
CONFIRM;确认;確認;確認;확인;KONFIRMASI;ยืนยัน;XÁC NHẬN;CONFIRMAR;CONFIRMAR;ПОДТВЕРДИТЬ;CONFIRMER;BEKRÄFTA;BESTÄTIGEN;VAHVISTA;BEKREFT;DOĞRULA;APSTIPRINĀT;KINNITA;PATVIRTINTI;POTWIERDŹ;BEVESTIGEN;CONFIRM;CONFIRM;CONFIRM;ΕΠΙΒΕΒΑΙΩΣΗ;CONFIRM
CREDIT VALUE;积分值;積分值;クレジットバリュー;크레딧 가치;NILAI KREDIT;มูลค่าเครดิต;GIÁ TRỊ TÍN DỤNG;VALOR DE CRÉDITO;VALOR DEL CREDITO;СТОИМОСТЬ В КРЕДИТАХ;VALEUR DU CRÉDIT;KREDITVÄRDE;KREDITWERT;KOLIKON ARVO;KREDITTVERDI;KREDI DEĞERI;KREDĪTA VĒRTĪBA;MÄNGUÜHIKU VÄÄRTUS;KREDITO VERTĖ;WARTOŚĆ KREDYTU;CREDITWAARDE;VALOARE CREDIT;CHIP VALUE;CHIP VALUE;ΑΞΙΑ ΠΙΣΤΩΣΗΣ;CHIP VALUE
HOLD SPACEBAR FOR TURBO SPIN;长按空格键进行加速旋转;按住空白鍵可使用 Turbo 旋轉;ターボスピンを目指し\nてスペースバーをホールドしてください;스페이스 바를 길\n게 눌러 터보 스핀;TEKAN BILAH SPASI UNTUK \n PUTARAN CEPAT;กดสเปซบาร์ค้างสำห\nรับการหมุนเทอร์โบ;GIỮ SPACEBAR \nĐỂ QUAY TURBO;SEGURE A BARRA DE\n ESPAÇO PARA GIRO TURBO;ESPERE A LA BARRA DE ESPACIOS \n PARA EL TURBO GIRO;ЗАЖАТЬ «ПРОБЕЛ»: \nТУРБОВРАЩЕНИЕ;MAINTENIR LA BARRE ESPACE \nPOUR LE TOUR TURBO;HÅLL MELLANSLAG FÖR TURBO-SPIN;SPACEBAR FÜR \nTURBO SPIN HALTEN;TURBOPYÖRÄYTYS PITÄMÄLLÄ\n VÄLILYÖNTI POHJASSA;HOLD NEDE SPACE FOR TURBOSPINN;TURBO DÖNÜŞ İÇİN BOŞLUK\n TUŞUNU BASILI TUTUN;TURIET NOSPIESTU ATSTARPES\n TAUSTIŅU, LAI VEIKTU TURBOGRIEZIENU;TURBOKEERUTUSEKS\n HOIDKE ALL TÜHIKUKLAHVI;LAIKYKITE TARPO \nKLAVIŠĄ TURBO SUKIMUI;PRZYTRZYMAJ SPACJĘ, \nABY UZYSKAĆ TURBO SPIN;HOUD DE SPATIEBALK\n INGEDRUKT VOOR TURBO SPIN;HOLD SPACEBAR FOR TURBO SPIN;HOLD SPACEBAR FOR TURBO SPIN;HOLD SPACEBAR FOR TURBO SPIN;ΚΡΑΤΗΣΤΕ ΠΑΤΗΜΕΝΟ ΤΟ ΠΛΗΚΤΡΟ\nΔΙΑΣΤΗΜΑΤΟΣ ΓΙΑ TURBO SPIN;HOLD SPACEBAR FOR TURBO SPIN
Balance;余额;餘額;残高;보유금;Saldo;คงเหลือ;Số dư;Saldo;Saldo;Баланс;Solde;Saldo;Balance;Saldo;Saldo;Bakiye;Atlikums;Saldo;Likutis;Saldo;Saldo;SOLDUL;Balance;Balance;Υπόλοιπο;Balance
WON;赢;贏;ウィン;우승;KEMENANGAN;รางวัล;THẮNG;GANHOU;GANÓ;ВЫИГРЫШ;VICTOIRE;VUNNA;GEWONNEN;VOITETTU;VUNNET;KAZANILAN;LAIMĒTS;VÕIT;LAIMĖTA;WYGRANA;GEWONNEN;CÂȘTIGAT;WON;WON;ΚΕΡΔΙΣΜΕΝΑ;WON
AUTO SPIN;自动旋转;自動旋轉;自動スピン;자동 스핀;PUTAR OTOMATIS;หมุนอัตโนมัติ;VÒNG QUAY TỰ ĐỘNG;AUTO GIRO;AUTOGIRO;АВТ. ВРАЩ.;TOUR AUTO;AUTOSPINN;AUTO SPIN;AUTOMAATTIPELI;AUTO SPIN;OTO DÖNDÜR;AUTOGRIEZIENS;AUTOKEERUTUS;AUTO SUKIMAS;ATOMATYCZNY SPIN;AUTO SPIN;ÎNVÂRTIRE AUTOMATĂ;AUTO SPIN;AUTO SPIN;Αυτόματη περιστροφή;AUTO SPIN
Number of Spins;旋转次数;旋轉次數;スピンの数;스핀 수;Jumlah Putaran;จำนวนของการหมุน;Số Lượt Quay;Número de Giros;Número de Giros;Число вращений;Nombre de Tours;Antal spel;Anzahl Drehungen;Kierrosten lukumäärä;Antall spinn;Döndürme Sayısı;Griezienu skaits;Keerutuste arv;Sukimų Skaičius;Liczba spinów;Aantal spins;Număr de învârtiri;Number of Spins;Number of Spins;Αριθμός περιστροφών;Number of Spins
TURBO SPIN ON;开启快速旋转;開啟快速旋轉;高速旋回オン;터보 스핀 켜기;PUTARAN TURBO NYALA;เปิดเทอร์โบสปิน;BẬT VÒNG QUAY TURBO;GIRO TURBO ON;TURBO GIRO ENCENDIDO;ТУРБО ВРАЩЕНИЕ ВКЛ.;TOUR TURBO ACTIVÉ;TURBOSPINN PÅ;TURBO SPIN EIN;TURBOPYÖRÄYTYS PÄÄLLÄ;TURBO SPIN PÅ;TURBO DÖNDÜRME AÇIK;TURBO GRIEZIENS IESLĒGTS;TURBOKEERUTUS SISSE;TURBOSUKIMAS ĮJUNGTAS;WŁĄCZ TURBO SPIN;TURBO SPIN AAN;ÎNVÂRTIRE TURBO PORNITĂ;TURBO SPIN ON;TURBO SPIN ON;TURBO SPIN  ΕΝ.;TURBO SPIN ON
TURBO SPIN OFF;关闭快速旋转;關閉快速旋轉;高速旋回オフ;터보 스핀 끄기;PUTARAN TURBO MATI;ปิดเทอร์โบสปิน;TẮT VÒNG QUAY TURBO;GIRO TURBO OFF;TURBA GIRO APAGADO;ТУРБО ВРАЩЕНИЕ ВЫКЛ.;TOUR TURBO DÉSACTIVÉ;TURBOSPINN AV;TURBO SPIN OFF;TURBOPYÖRÄYTYS POIS PÄÄLTÄ;TURBO SPIN AV;TURBO DÖNDÜRME KAPALI;TURBO GRIEZIENS IZSLĒGTS;TURBOKEERUTUS VÄLJA;TURBOSUKIMAS IŠJUNGTAS;WYŁĄCZ TURBO SPIN;TURBO SPIN UIT;ÎNVÂRTIRE TURBO OPRITĂ;TURBO SPIN OFF;TURBO SPIN OFF;TURBO SPIN ΑΠΕΝ.;TURBO SPIN OFF
LINES;线;線;ライン;라인;BARIS;เส้น;DÒNG;LINHAS;LÍNEAS;ЛИНИИ;LIGNES;LINJER;LINIEN;VOITTOLINJAT;LINJER;SIRALAR;LĪNIJAS;LIINID;EILUTĖS;LINIE;LIJNEN;LINII;LINES;LINES;ΓΡΑΜΜΕΣ;LINES
BET\nMAX;最大\n赌注;最大\n賭注;最大ベ\n ット;최대 \n베팅;MAX \nTARUHAN;เดิมพัน\nสูงสุด;ĐẶTCƯỢC \nTỐI ĐA;APOSTA \nMÁXIMA;MÁXIMA \nAPUESTA;МАКС. \nСТАВКА;MISEMAX\nIMALE;SATSA \nMAX;WETTE \nMAX;MAKSIMI\nPANOS;SATS \nMAKS;MAKS. \nBAHİS;MAKS. \nLIKME;MAKSIMU\nMPANUS;MAKS. \nSTATYMAS;MAKS.LICZBA \n ZAKŁADÓW;MAX \nINZET;PARIU\nMAXIM;PLAY\nMAX;PLAY\nMAX;ΜΕΓ. ΠΟΝ\nΤΑΡΙΣΜΑ;PLAY\nMAX
TOTAL WON;总赢利;總贏利;合計勝利;총 우승;JUMLAH HADIAH;รางวัลทั้งหมด;TỔNG CHIẾN THẮNG ;TOTAL GANHADO;TOTAL GANADO;ИТОГО ВЫИГРЫШЕЙ;TOTAL GAGNÉ;VINST TOTALT;GESAMTER GEWINN;VOITTO YHTEENSÄ;TOTALT VUNNET;TOPLAM KAZANILAN;KOPĒJAIS LAIMESTS;VÕIDUD KOKKU;IŠ VISO LAIMĖTA;CAŁKOWITA WYGRANA;TOTAAL GEWONNEN;TOTAL CÂȘTIGAT;TOTAL WON;TOTAL WON;ΣΥΝΟΛΙΚΑ ΚΕΡΔΗ;TOTAL WON
UNTIL\nFEATURE;直到中奖;直到中獎;フィーチャ\n ーまで、;기능까지;HINGGA \n FITUR;จนถึงคุณ\nลั กษณะ;CHO TOI \nTINH NANG;ATÉ O \nRECURSO;HASTA LA \nFUNCIÓN;ДО ФУ\nНКЦИИ;JUSQU'À LA \nFONCTION;TILL \nFUNKTION;BIS ZUM \nFEATURE;KUNNES \nOMINAISUUDET;FREM TIL \nFUNKSJON;ÖZELLİĞE \nKADAR;LĪDZ \nIESPĒJAI;KUNI \nBOONUSENI;IKI \nFUNKCIJOS;AŻ DO \nKOŃCA;TOT \nFUNCTIE;     PÂNĂ LA\nSECVENȚĂ;UNTIL\nFEATURE;UNTIL\nFEATURE;ΕΩΣ ΛΕΙΤ\nΟΥΡΓΙΑ;UNTIL\nFEATURE
Time;时间;時間;時間;시간;Waktu;เวลา;Thời gian;Hora;Hora;Время;Heure;Tid;Zeit;Aika;Tid;Zaman;Laiks;Aeg;Laikas;Godzina;Tijd;Ora;Time;Time;Ώρα;Time
Net Position;净位置;淨輸贏;ネットポジション;순포지션;Posisi Bayaran Bersih;ตำแหน่งสุทธิ;Vị thế ròng;Posição líquida;Posición neta;Нетто-позиция;Position nette;Nettoposition;Nettoposition;Nettoasema;Nettposisjon;Net Pozisyon;Tīrais iznākums;Netopositsioon;Grynoji pozicija;Pozycja netto;Netto positie;Poziție netă;Net Position;Net Position;Καθαρή θέση;Net Position
AUTO\nSPIN;自动\n旋转;自動\n旋轉;自動\nスピン;자동\n스핀;PUTAR\nOTOMATIS;หมุนอัต\nโนมัติ;VÒNGQUAY\nTỰ ĐỘNG;AUTO\nGIRO;AUTO\nGIRO;АВТ.\nВРАЩ.;TOUR\nAUTO;AUTO\nSPINN;AUTO\nSPIN;AUTOMA\nATTIPELI;AUTO\nSPINN;OTO\nDÖNDÜR;AUTO\nGRIEZIENS;AUTO\nKEERUTUS;AUTO\nSUKIMAS;ATOMAT\nYCZNY\nSPIN;AUTO\nSPIN;ÎNVÂRTIRE\nAUTOMATĂ;AUTO\nSPIN;AUTO\nSPIN;Αυτόματη\nπεριστροφή;AUTO\nSPIN
CANCEL;取消;取消;キャンセル;취소;BATALKAN;ยกเลิก;KHÔNG ĐẶT;CANCELAR;CANCELADO;ОТМЕНА;ANNULER;AVBRYT;ABBRECHEN;PERUUTA;AVBRYT;İPTAL;ATCELT;TÜHISTA;ATŠAUKTI;ANULUJ;ANNULEREN;ANULARE;CANCEL;CANCEL;ΑΚΥΡΩΣΗ;CANCEL
Version;版本;版本;バージョン;버전;Versi;เวอร์ชั่น;Phiên bản;Versão;Versión;Версия;Version;Version;Version;Versio;Versjon;Sürüm;Versija;Versioon;Versija;Wersja;Versie;Versiune;Version;Version;Έκδοση;Version
CONGRATULATIONS!;恭喜！;恭喜！;CONGRATULATIONS!;축하합니다!;CONGRATULATIONS!;ขอแสดงความยินดี!;XIN CHÚC MỪNG!;PARABÉNS!;CONGRATULATIONS!;ПОЗДРАВЛЯЕМ!;CONGRATULATIONS!;GRATTIS!;HERZLICHEN GLÜCKWUNSCH!;ONNEA!;CONGRATULATIONS!;TEBRİKLER!;APSVEICAM!;ÕNNITLEME!;SVEIKINAME!;CONGRATULATIONS!;GEFELICITEERD!;FELICITĂRI!;CONGRATULATIONS!;CONGRATULATIONS!;ΣΥΓΧΑΡΗΤΗΡΙΑ!;CONGRATULATIONS!
You have been awarded;您赢得了;您已贏得;獲得しました;다음 항목을 받았습니다:;Anda telah mendapatkan;คุณได้รับรางวัล;Bạn đã được trao thưởng;Você foi premiado;Has ganado;Вы получили;Vous avez reçu;Du har tilldelats;Du erhältst;Sinulle on annettu;Du har blitt belønnet;Kazancınız:;Jums ir piešķirts;Oled saanud auhinna;Jums suteikta;Przyznano Ci;Aan jou toegekend;Ați primit;You have been awarded;You have been awarded;Κερδίσατε;You have been awarded
FREE SPINS!;免费旋转!;免費旋轉!;無料旋回!;프리스핀!;SPIN GRATIS!;ฟรีสปิน!;QUAY MIỄN PHÍ!;GIROS GRATUITOS!;GIROS GRATIS!;БЕСП. ВРАЩЕНИЯ!;TOURS GRATUITS!;GRATISSPINN!;KOSTENLOSE SPINS!;ILMAISKIERROKSET!;GRATISSPINN!;ÜCRETSİZ DÖNDÜRME!;BEZMAKSAS GRIEZIENI!;TASUTA KEERUTUSED!;NEMOKAMI SUKIMAI!;DARMOWE SPINY!;FREE SPINS!;FREE SPINS!;FREE SPINS!;FREE SPINS!;FREE SPINS!;FREE SPINS!
CONTINUE;继续;繼續;続ける;계속하기;LANJUTKAN;ต่อ;TIẾP TỤC;CONTINUAR;CONTINUA;ПРОДОЛЖИТЬ;CONTINUER;FORTSÄTT;FORTSETZEN;JATKA;FORTSETT;DEVAM;TURPINĀT;JÄTKA;TĘSTI;DALEJ;DOORGAAN;CONTINUE;CONTINUE;CONTINUE;ΣΥΝΕΧΕΙΑ;CONTINUE
Freespins will be played at {0} per spin;免费旋转将以每次旋转{0}进行;免費旋轉投注為每次旋轉{0};スピン１回につき{0}でフリースピンをプレイできます;무료 스핀은 스핀당 {0}로 진행됩니다.;Putaran gratis akan dimainkan pada {0} per putaran;การหมุนฟรีจะเล่นที่ราคา {0} ต่อการหมุน;Vòng quay miễn phí sẽ được chơi ở mức tiền cược {0} mỗi vòng quay;As partidas grátis serão jogadas a {0} por partida;Los giros gratis tienen un valor de {0} por giro;Бесплатные вращения будут разыграны по {0} за вращение;Les tours gratuits seront joués à {0} par tour;Gratissnurr spelas med {0} per snurr;Freispiele werden mit {0} pro Dreh gespielt;Ilmaiskierrokset pelataan panoksella {0} kierrosta kohden;Gratisspinn spilles til {0} per spinn;Ücretsiz döndürmeler, döndürme başına {0} olarak oynanır;Bezmaksas griezieni tiks spēlēti ar šādu likmi par griezienu: {0};Tasuta spinne mängitakse {0} spinni kohta;Nemokami sukimai bus žaidžiami {0} už vieną sukimą;Liczba obrotów darmowych rozgrywanych z następującym ustawieniem na każdy obrót: {0};Gratis rondes worden gespeeld voor {0} per ronde;Învârtirile gratuite vor fi jucate la {0} per învârtire;Freespins will be played at {0} per spin;Freespins will be played at {0} per spin;Οι δωρεάν περιστροφές θα παιχτούν με {0} ανά περιστροφή;Freespins will be played at {0} per spin
Pause;暂停;暫停;一時停止;일시 중지;Jeda;หยุดชั่วคราว;Tạm dừng;Pausar;Pausar;Пауза;Pause;Paus;Pause;Keskeytä;Pause;Duraklat;Apturēt;Peata;Pauzė;Wstrzymaj;Pauzeren;Pauză;Pause;Pause;Παύση;Pause
YOU HAVE WON;你赢了;你贏了;あなたは;YOU HAVE WON;ANDA TELAH MEMENANGKAN;คุณได้รับรางวัล;BẠN ĐÃ THẮNG;VOCÊ GANHOU;TÚ HAS GANADO;ВЫ ВЫИГРАЛИ;TU AS GAGNÉ;DU HAR VUNNIT;DU HAST GEWONNEN;SINÄ OLET VOITTANUT;DU HAR VUNNET;MEVCUT KAZANILAN;JŪS LAIMĒJĀT;OLETE VÕITNUD;LAIMĖJOTE;WYGRAŁEŚ;U HEBT;YOU HAVE WON;YOU HAVE WON;YOU HAVE WON;ΚΕΡΔΙΣΑΤΕ;YOU HAVE WON
THIS GAME IS CURRENTLY UNAVAILABLE.;本游戏现在不能玩;本遊戲現在不能玩;このゲームは現在利用できない。;이 게임은 일반적으로 사용 불가능하다.;PERMAINAN IN TIDAK TERSEDIA UNTUK SEMENTARA.;เกมนี้ไม่สามารถใช้งานได้ในตอนนี้;TRÒ CHƠI NÀY HIỆN KHÔNG CHƠI ĐƯỢC.;ESTE JOGO ESTÁ ATUALMENTE NÃO DISPONÍVEL.;ESTE JUEGO NO ESTÁ DISPONÍBLE ACTUALMENTE;ЭТА ИГРА СЕЙЧАС НЕДОСТУПНА.;CE JEU N'EST ACTUELLEMENT PAS DISPONIBLE.;SPELET ÄR INTE TILLGÄNGLIGT JUST NU.;DIESES SPIEL IST DERZEIT NICHT VERFÜGBAR.;TÄMÄ PELI EI OLE TÄLLÄ HETKELLÄ SAATAVILLA.;"DETTE SPILLET ER UTILGJENGELIG FOR ØYEBLIKKET.
";BU OYUN ŞU AN MEVCUT DEĞİL.;ŠĪ SPĒLE PAŠLAIK NAV PIEEJAMA.;SEE MÄNG EI OLE HETKEL SAADAVAL.;ŠIS LOŠIMAS DABAR NEGALIMAS.;THIS GAME IS CURRENTLY UNAVAILABLE.;DIT GAME IS MOMENTEEL NIET BESCHIKBAAR.;ACEST JOC ESTE MOMENTAN INDISPONIBIL.;THIS GAME IS CURRENTLY UNAVAILABLE.;THIS GAME IS CURRENTLY UNAVAILABLE.;ΑΥΤΟ ΤΟ ΠΑΙΧΝΙΔΙ ΔΕΝ ΕΙΝΑΙ ΔΙΑΘΕΣΙΜΟ ΠΡΟΣ ΤΟ ΠΑΡΟΝ.;THIS GAME IS CURRENTLY UNAVAILABLE.
TEMPORARY DIFFICULTIES, PLEASE TRY AGAIN LATER OR CONTACT SUPPORT IF PROBLEM PERSISTS.;暂时遭遇困难，请稍后再试，若问题仍存在， 请联络技术支持。;暫時遭遇困難，請稍後再試， 若問題仍存在，請聯絡技術支援。;一時的にエラーが生じました。後ほどお試し頂くか、 サポートセンターにお問い合わせください。;일시적인 오류 . 나중에 다시 시도하시거나 이 문제가 계속 지속된다면 '  고객 지원 ' 으로 문의 바랍니다 . 이 게임을 다시 할 수 있습니다 .;GANGGUAN SEMENTARA, MOHON COBA BEBERAPA SAAT LAGI ATAU  HUBUNGI LAYANAN BANTUAN JIKA MASALAH TETAP BERLANJUT.;มีปัญหาชั่วคราว, โปรดลองอีกครั้งในภายห ลังหรื อติดต่อฝ่ายช่วยเหลือหากปัญหายังคงมีอยู่;LỖI THẠM THỜI, VUI LÒNG THỬ  LẠI SAU HOẶC LIÊN HỆ HỖ TRỢ NẾU VẪN GẶP KHÓ KHĂN.;DIFICULDADES TEMPORÁRIAS, POR FAVOR, TENTE NOVAMENTE MAIS  TARDE OU CONTATE O APOIO SE O PROBLEMA PERSISTIR.;DIFICULTADES TEMPORALES, POR FAVO INTENTE OTRA VEZ MÁS  TARDE O CONTACTE A APOYO SI EL PROBLEMA PERSISTE.;ВРЕМЕННЫЕ ТРУДНОСТИ, ПОПРОБУЙТЕ ЕЩЕ РАЗ ПОЗЖЕ ИЛИ ОБРАТИТЕСЬ  В СЛУЖБУ ПОДДЕРЖКИ, ЕСЛИ ПРОБЛЕМА НЕ ИСЧЕЗАЕТ.;DIFFICULTÉS TEMPORAIRES, PRIÈRE D'ESSAYER À NOUVEAU OU BIEN  VOULOIR CONTACTER LE SERVICE TECHNIQUE SI LE PROBLÈME PERSISTE.;TILLFÄLLIGT FEL, FÖRSÖK GÄRNA IGEN LITE SENARE  ELLER KONTAKTA SUPPORTEN OM PROBLEMET KVARSTÅR.;TEMPORÄRE SCHWIERIGKEITEN, BITTE VERSUCHEN SIE ES SPÄTER NOCH EINMAL ODER  KONTAKTIEREN SIE DEN SUPPORT, WENN DAS PROBLEM WEITERHIN BESTEHT.;VÄLIAIKAISIA ONGELMIA. YRITÄ MYÖHEMMIN UUDELLEEN. JOS ONGELMA JATKUU, OTA YHTEYTTÄ TUKEEN.;MIDLERTIDIGE PROBLEMER, VENNLIGST  PRØV IGJEN SENERE ELLER  KONTAKT KUNDESTØTTE OM  PROBLEMET VEDVARER.;GEÇİCİ ZORLUKLAR, LÜTFEN DAHA SONRA TEKRAR DENEYİN VE  SORUN DEVAM EDERSE DESTEK EKİBİ İLE İLETİŞİME GEÇİN;ĪSLAICĪGI SAREŽĢĪJUMI. JA PROBLĒMA SAGLABĀJAS, LŪDZU, MĒĢINIET  VĒLREIZ VĒLĀK VAI SAZINIETIES AR ATBALSTA DIENESTU.;AJUTINE TÕRGE. PROBLEEMI PÜSIDES PROOVIGE PALUN HILJEM  UUESTI VÕI VÕTKE ÜHENDUST MEIE KLIENDITOEGA.;LAIKINI NESKLANDUMAI, PAMĖGINKITE DAR KARTĄ VĖLIAU, O JEI  PROBLEMA NEDINGSTA, SUSISIEKITE SU PAGALBOS TARNYBA.;TYMCZASOWE PROBLEMY, SPRÓBUJ PONOWNIE PÓŹNIEJ LUB SKONTAKTUJ SIĘ ZE  WSPARCIEM TECHNICZNYM, JEŚLI PROBLEM NADAL WYSTĘPUJE.;TIJDELIJKE PROBLEMEN, PROBEER HET LATER NOG EENS OF NEEM CONTACT OP MET  ONDERSTEUNING ALS HET PROBLEEM ZICH BLIJFT VOORDOEN.;DIFICULTĂȚI TEMPORARE. ÎNCERCAȚI DIN NOU MAI TÂRZIU SAU CONTACTAȚI  SERVICIUL DE ASISTENȚĂ DACĂ PROBLEMA PERSISTĂ.;TEMPORARY DIFFICULTIES, PLEASE TRY AGAIN LATER OR CONTACT  SUPPORT IF PROBLEM PERSISTS.;TEMPORARY DIFFICULTIES, PLEASE TRY AGAIN LATER  OR CONTACT SUPPORT IF PROBLEM PERSISTS.;ΠΡΟΣΩΡΙΝΕΣ ΔΥΣΚΟΛΙΕΣ. ΔΟΚΙΜΑΣΤΕ ΞΑΝΑ ΑΡΓΟΤΕΡΑ Η ΕΠΙΚΟΙΝΩΝΗΣΤΕ ΜΕ ΤΟ ΤΜΗΜΑ ΥΠΟΣΤΗΡΙΞΗΣ ΕΑΝ ΤΟ ΠΡΟΒΛΗΜΑ ΠΑΡΑΜΕΝΕΙ.;TEMPORARY DIFFICULTIES, PLEASE TRY AGAIN LATER  OR CONTACT SUPPORT IF PROBLEM PERSISTS.
YOUR GAME HAS TIMED OUT DUE TO AN EXTENDED PERIOD OF INACTIVITY.\n PLEASE RELOAD THE GAME TO CONTINUE PLAYING.;您的游戏由于长时间没有操作而超时。\n 请重新加载然后继续游戏。;您的遊戲由於長時間沒有操作而超時。\n請重新載入然後繼續遊戲。;あなたのゲームは延長不活動期間\nが原因で時間を計った。;당신의 게임은 비활동의 장시간 기간 때문에 밖으로 시기를 정했다.\n 노는 계속되도록 게임에 다시 탄약을 재십시오.;PERMAINAN ANDA TELAH TIME OUT DIKARENAKAN OLEH KETIDAKAKTIFAN. \nMOHON MEMUAT PERMAINAN KEMBALI UNTUK MELANJUTKAN PERMAINAN.;เกมของคุณได้หมดเวลาเนื่องจากการขยายระ ยะเวลาการใช้งาน.โปรดโหลดเกมที่จะเล่นต่อไป.;TRÒ CHƠI CỦA BẠN ĐÃ HẾT HẠN DO KHÔNG HOẠT \nĐỘNG MỘT THỜI GIAN. VUI LÒNG TẢI LẠI TRÒ CHƠI ĐỂ CHƠI TIẾP.;O seu jogo expirou devido a um período de inatividade prolongado.\n POR FAVOR RECARREGUE O JOGO PARA CONTINUAR A JOGAR.;TU JUEGO HA EXPIRADO EN TIEMPO DEBIDO AL PERÍODO EXTENDIDO DE INACTIVIDAD. \nPOR FAVOR RECARGUE EL JUEGO PARA CONTINUAR JUGANDO.;ИЗ-ЗА ПРОДОЛЖИТЕЛЬНОГО БЕЗДЕЙСТВИЯ ВАША ИГРА ЗАВЕРШИЛАСЬ.\n ПЕРЕЗАГРУЗИТЕ ИГРУ, ЧТОБЫ ПРОДОЛЖИТЬ.;VOTRE JEU A EXPIRÉ EN RAISON D'UNE PÉRIODE\n D'INACTIVITÉ PROLONGÉE. VEUILLEZ RECHARGER LE JEU POUR CONTINUER À JOUER.;DITT SPEL HAR AVBRUTITS TILL FÖLJD AV EN LÄNGRE \nTIDS INAKTIVITET. LÄS IN SPELET PÅ NYTT FÖR ATT FORTSÄTTA SPELA.;IHR SPIEL IST AUFGRUND EINER LÄNGEREN ZEIT DER INAKTIVITÄT AUSGEFALLEN. \nBITTE LADEN SIE DAS SPIEL NEU, UM FORTZUFAHREN.;PELI-ISTUNTOSI AIKAKATKAISTIIN, KOSKA OLIT LIIAN PITKÄÄN TEKEMÄTTÄ MITÄÄN. \nAVAA PELI UUDELLEEN JATKAAKSESI PELAAMISTA.;DITT SPILL HAR FÅTT TIDSAVBRUDD  GRUNNET EN LENGRE TID MED  INAKTIVITET.VENNLIGST LAST INN SPILLET  PÅ NYTT FOR Å FORTSETTE Å SPILLE. ;OYUNUNUZ UZUN SÜRE ETKİN OLMADIĞINIZ İÇİN ZAMAN AŞIMINA UĞRADI. LÜTFEN OYNAMAYA \nDEVAM ETMEK İÇİN OYUNU YENİDEN YÜKLEYİN.;JŪSU SPĒLĒ ILGSTOŠAS NEAKTIVITĀTES DĒĻ IR IESTĀJIES TAIMAUTS. LŪDZU,\n ATKĀRTOTI IELĀDĒJIET SPĒLI, LAI TURPINĀTU SPĒLĒT.;TEIE MÄNG AEGUS KUNA TE EI TEINUD PIKAAJA VÄLTEL MIDAGI.\n MÄNGIMISE \nJÄTKAMISEKS TULEB MÄNG UUESTI LAADIDA.;JŪSŲ LOŠIMO SKIRTASIS LAIKAS BAIGĖSI, \nNES ILGAI BUVOTE NEAKTYVUS. NORĖDAMI LOŠTI TOLIAU, IŠ NAUJO ĮKELKITE LOŠIMĄ.;TWOJA GRA ZOSTAŁA PRZERWANA Z POWODU DŁUGIEGO\n OKRESU NIEAKTYWNOŚCI. PROSZĘ PRZEŁADOWAĆ GRĘ, ABY JĄ KONTYNUOWAĆ.;UW GAME IS VERSTREKEN DOOR EEN\n LANGE PERIODE VAN INACTIVITEIT. HERLAAD HET GAME OM VERDER TE SPELEN.;JOCUL DVS. A EXPIRAT DIN CAUZA UNEI PERIOADE\n PRELUNGITE DE INACTIVITATE. REÎNCĂRCAȚI JOCUL PENTRU A CONTINUA SĂ JUCAȚI.;YOUR GAME HAS TIMED OUT DUE TO\n AN EXTENDED PERIOD OF INACTIVITY. PLEASE RELOAD THE GAME TO CONTINUE PLAYING.;YOUR GAME HAS TIMED OUT DUE TO AN EXTENDED PERIOD OF INACTIVITY.\n PLEASE RELOAD THE GAME TO CONTINUE PLAYING.;ΤΟ ΠΑΙΧΝΙΔΙ ΣΑΣ ΕΛΗΞΕ ΛΟΓΩ ΠΑΡΑΤΕΤΑΜΕΝΗΣ ΠΕΡΙΟΔΟΥ ΑΔΡΑΝΕΙΑΣ.\n ΦΟΡΤΩΣΤΕ ΞΑΝΑ ΤΟ ΠΑΙΧΝΙΔΙ ΓΙΑ ΝΑ ΣΥΝΕΧΙΣΕΤΕ ΝΑ ΠΑΙΖΕΤΕ.;YOUR GAME HAS TIMED OUT DUE TO AN EXTENDED PERIOD OF INACTIVITY.\n PLEASE RELOAD THE GAME TO CONTINUE PLAYING.
YOU HAVE BEEN LOGGED OUT.;您已被登出。;您已被登出。;ログアウトしました。;로그아웃되었습니다;ANDA TELAH DI LOG OUT.;คุณได้ทำการการจากออกจากระบบ;BẠN ĐÃ ĐĂNG XUẤT.;VOCÊ FOI DESCONECTADO.;TU HAS SIDO SACADO.;ВЫ ВЫШЛИ ИЗ УЧЕТНОЙ ЗАПИСИ.;VOUS AVEZ ÉTÉ DÉCONNECTÉ(E).;DU HAR BLIVIT UTLOGGAD.;DU WURDEST ABGEMELDET.;SINUT ON KIRJATTU ULOS.;DU HAR BLITT LOGGET UT.;ÇIKIŞ YAPTINIZ.;JŪS ESAT ATTEICIES.;TEID LOGITI VÄLJA.;BUVOTE ATJUNGTI.;ZOSTAŁEŚ WYLOGOWANY.;U BENT UITGELOGD.;AȚI FOST DECONECTAT.;YOU HAVE BEEN LOGGED OUT.;YOU HAVE BEEN LOGGED OUT.;ΕΧΕΤΕ ΑΠΟΣΥΝΔΕΘΕΙ.;YOU HAVE BEEN LOGGED OUT.
Game exited to limit losses.;为限制损失，已退出游戏。;已退出遊戲以限制損失。;損失金額を制限するためにゲームを終了しました。;손실을 제한하기 위해 게임을 종료합니다.;Permainan keluar untuk membatasi kekalahan.;ออกจากเกมเพื่อจำกัดการสูญเสีย;Đã thoát trò chơi để hạn chế thua lỗ.;O jogo foi encerrado para limitar as perdas.;El juego se cerró para limitar las pérdidas.;Выход из игры для ограничения проигрыша.;Jeu quitté pour limiter les pertes.;Spelet avslutades för att begränsa förluster.;Spiel beendet, um Verluste zu begrenzen.;Peli lopetettiin tappioiden rajoittamiseksi.;Spillet avsluttet for å begrense tap.;Kayıpları sınırlamak için oyundan çıktınız.;Spēle beidzās, lai ierobežotu zaudējumus.;Mäng lõpetati kaotuste piiramiseks.;Žaidimas nutrauktas siekiant apriboti nuostolius.;Gra zakończyła się, aby ograniczyć straty.;Het spel is beëindigd om verliezen te beperken.;Joc închis pentru a limita pierderile.;Game exited to limit losses.;Game exited to limit losses.;Το παιχνίδι τερματίστηκε για να περιοριστούν οι απώλειες.;Game exited to limit losses.
This game doesn’t support multiple windows open at once.\n In the event of a disconnection, please allow 60 seconds before re-opening the game so it will resume where you lost connection.;本游戏不支持多个屏幕同时操作。如果掉线，在重开游戏之前请等待60秒（一分钟），游戏会恢复到刚刚掉线时的状态。;本遊戲不支援多個螢幕同時操作。如果掉線,在重開遊戲之前請等待60秒（一分鐘）, 遊戲會恢復到剛剛斷線時的狀態。;このゲームは、同時に開いている複数のウィンドウを対応しません。通信が途切れた際はすぐにゲームを再起動させず、60秒ほどお待ち下さい。そうした場合、通信が途切れた場所からゲームを再開することができます。;이 게임 내에서는 한 번에 여러 개의 창을 열 수 없습니다. 연결이 끊어진 경우, 60초 기다렸다가 게임을 다시 시작하세요. 연결이 끊어진 부분부터 다시 시작됩니다.;Permainan ini tidak mendukung untuk dibuka di banyak jendela secara bersamaan. Apabila terjadi pemutusan sambungan, tolong biarkan selama 60 detik sebelum kembali membuka permainan agar bisa melanjutkan dari saat kamu kehilangan sambungan.;เกมนี้ไม่รองรับการเปิดหลายหน้าต่างพร้อมกันในเวลาเดียว. ในกรณีที่การเชื่อมต่อขาดหายไป โปรดรอประมาณ 60 วินาทีก่อนที่จะเปิดเกมใหม่อีกครั้ง เพื่อที่คุณจะได้ดำเนินการต่อในจุดที่ขาดการเชื่อมต่อไป.;Game này không hỗ trợ mở nhiều cửa sổ cùng lúcTrong trường hợp bị mất kết nối, vui lòng chờ 60 giây trước khi mở lại trò chơi để hệ thống chạy lại dữ liệu từ thời điểm bị mất kết nối.;Este jogo não suporta várias janelas abertas de uma só vez. Em caso de desconexão, aguarde 60 segundos antes de reabrir o jogo para que ele reinicie de onde você perdeu a conexão.;Éste juego no soporta multiples ventanas abiertas a la vez. En caso de desconexión, espere por 60 segundos, antes de re-abrir el juego así el se reposicionará en donde perdiste la conexión;Эта игра не поддерживает одновременное открытие нескольких окон. В случае разъединения подождите 60 секунд, прежде чем открыть игру заново, и она перезапустится с момента потери соединения.;Ce jeu ne prend pas en charge plusieurs fenêtres ouvertes à la fois. En cas de déconnexion, veuille patienter 60 secondes avant de rouvrir le jeu pour qu'il reprenne là où tu as perdu la connexion.;Det här spelet stöder inte flera öppna fönster samtidigt. I händelse av avstängning, vänligen vänta 60 sekunder innan du öppnar spelet igen, så kommer det att fortsätta där du förlorade anslutningen.;Dieses Spiel unterstützt nicht mehrere Fenster gleichzeitig geöffnet. Im Falle einer Unterbrechung, gestatten Sie 60 Sekunden, bevor das Spiel wieder zu öffnen, damit es wieder aufnehmen, wo Sie Verbindung verloren.;Tämä peli ei tue useita ikkunoita auki yhtä aikaa. Jos yhteys katkeaa, sallikaa 60 sekuntia, ennen kuin peli avataan uudelleen, joten se jatkuu siitä, johon yhteys katkesi.;Dette spillet støtter ikke flere åpne vinduer på samme tid. Skulle du miste kontakten med spillet vennligst vent 60 sekunder før du åpner på nytt for å fortsette på samme sted.;Bu oyun aynı anda birden fazla pencereyi desteklemiyor. Bağlantı kesintisi durumunda, oyunu tekrar açmadan önce 60 saniye bekleyin, böylece bağlantıyı kaybettiğiniz yerden devam edebilirsiniz.;Šī spēle neatbalsta vairākus vienlaikus atvērtus logus. Savienojuma pārtraukšanas gadījumā pirms spēles atkārtotas atvēršanas uzgaidiet 60 sekundes, lai tā atvērtos vietā, kurā tika pārtraukts savienojums.;See mäng ei toeta mitme akna samaaegset avamist. Ühenduse katkemise korral oodake 60 sekundit enne mängu uuesti avamist, et see saaks jätkata ühenduse katkemisele eelnenud hetkest.;Šis lošimas nepalaiko kelių vienų metu atidarytų langų. Jei nutrūko ryšys, palaukite 60 sekundžių ir tik tada mėginkite vėl atidaryti lošimą, kad galėtumėte tęsti toje vietoje, kurioje buvote nutrūkus ryšiui.;Ta gra nie obsługuje wielu okien otwartych jednocześnie. W przypadku braku połączenia, odczekaj 60 sekund przed ponownym otwarciem gry, aby wznowiła się ona w miejscu, w którym połączenie zostało utracone.;Dit game ondersteunt geen meerdere vensters die tegelijk open staan. Als de verbinding wordt verbroken, wacht dan 60 seconden voordat u het game opnieuw opent, zodat het game verdergaat waar u de verbinding bent kwijtgeraakt.;;This game doesn’t support multiple windows open at once.\n In the event of a disconnection, please allow 60 seconds before re-opening the game so it will resume where you lost connection.;This game doesn’t support multiple windows open at once.\n In the event of a disconnection, please allow 60 seconds before re-opening the game so it will resume where you lost connection.;Αυτό το παιχνίδι δεν υποστηρίζει πολλαπλά παράθυρα που ανοίγουν ταυτόχρονα.\n Σε περίπτωση αποσύνδεσης, περιμένετε 60 δευτερόλεπτα πριν ανοίξετε ξανά το παιχνίδι, ώστε να συνεχιστεί από εκεί που χάθηκε η σύνδεση.;This game doesn’t support multiple windows open at once.\n In the event of a disconnection, please allow 60 seconds before re-opening the game so it will resume where you lost connection.
A new game session has been loaded with your account.;已使用你的账户加载新游戏会话;已透過你的帳號載入了新的遊戲;新しいゲームセッションがアカウントにロードされました。;새 게임 세션이 귀하의 계정으로 로드되었습니다;Satu sesi permainan yang baru telah dimuat dengan akun Anda;เกมเซสชั่นใหม่ถูกโหลดกับบัญชีของคุณ;Tài khoản của bạn đang tải một lượt chơi mới;Uma nova sessão de jogo foi carregada com a sua conta;La sesión de un nuevo juego ha sido cargada con su cuenta;С вашего аккаунта загружена новая игровая сессия;Une nouvelle session de jeu a été chargée avec votre compte;En ny spel-session har laddats i ditt konto;Eine neue Spiel-Sitzung wurde mit Deinem Konto geladen;Pelitililläsi on ladattu uusi peli-istunto;En ny spilløkt er startet med kontoen din;Hesabınıza yeni bir oyun oturumu yüklendi;Jūsu kontā ir ielādēta jaunā spēles sesija;Teie kontoga laaditi uus mängusessioon;Su jūsų paskyra įkeltas naujas lošimo seansas;Na Twoim koncie załadowano nową sesję gry.;Een nieuwe gamesessie is geladen met uw account.;;A new game session has been loaded with your account.;A new game session has been loaded with your account.;Μια νέα περίοδος σύνδεσης παιχνιδιού φορτώθηκε με τον λογαριασμό σας.;A new game session has been loaded with your account.
This game is not available in your country;此游戏在您所在的国家/地区不可用;該遊戲在您所在的國家/地區不可用;このゲームはお住まいの国ではご利用いただけません;귀하의 국가에서 플레이할 수 없는 게임입니다.;Permainan ini tidak tersedia di negara Anda;เกมนี้ไม่พร้อมให้บริการในประเทศของคุณ;Trò chơi này không khả dụng ở quốc gia của bạn;Este jogo não está disponível no seu país;Este juego no está disponible en tu país;Эта игра недоступна в вашей стране;Ce jeu n'est pas disponible dans votre pays;Spelet är inte tillgängligt i ditt land;Dieses Spiel ist in deinem Land nicht verfügbar;Tämä peli ei ole saatavilla maassasi;Dette spillet er ikke tilgjengelig i ditt land;Bu oyun ülkenizde oynanamaz;Šī spēle jūsu valstī nav pieejama;See mäng pole sinu riigis saadaval;Šis žaidimas nepasiekiamas jūsų šalyje;Ta gra nie jest dostępna w Twoim kraju;Dit spel is niet beschikbaar in je land;Acest joc nu este disponibil în țara dvs.;This game is not available in your country;This game is not available in your country;Αυτό το παιχνίδι δεν είναι διαθέσιμο στη χώρα σας;This game is not available in your country
WE WERE UNABLE TO PROCESS YOUR SESSION LIMIT REQUEST. THE SESSION LIMIT MESSAGE MAY BE DISPLAYED WHEN YOU RESTART YOUR GAME.;无法处理您的限制请求。当您重新开始游戏时可能会显示该回合的限制讯息。;無法處理您的限制請求。當您重新開始遊戲時可能會顯示該回合的限制訊息。;セッション制限の要請を処理できませんでした。セッション制限のメッセージがゲームの再開時に表示される可能性があります。;세션 리미트 요청을 처리할 수 없습니다. 게임을 다시 시작할 때 세션 리미트 메시지나 나올 수 있습니다.;KAMI TIDAK DAPAT MEMPROSES PERMINTAAN BATAS SESI ANDA. PESAN BATAS SESI AKAN DITAMPILKAN KETIKA ANDA MENGULAN PERMAINAN.;เราไม่สามารถดำเนินการตามคำขอของข้อจำกัดเซสชั่นของคุณ. ข้อความขีดจำกัดซสชั่นอาจมีการแสดงเมื่อคุณเริ่มต้นเล่นเกมของคุณ.;CHÚNG TÔI KHÔNG THỂ XỬ LÝ YÊU CẦU GIỚI HẠN PHIÊN CHƠI CỦA BẠN. TIN NHẮN GIỚI HẠN PHIÊN CHƠI CÓ THỂ HIỂN THỊ KHI BẠN KHỞI ĐÔNG LẠI TRÒ CHƠI.;NÓS NÃO PODEMOS PROCESSAR SEU PEDIDO DE LIMITE DA SESSÃO. A MENSAGEM LIMITADA DA SESSÃO PODE SER EXIBIDA QUANDO VOCÊ REINICIAR SEU JOGO.;ESTUVIMOS INHABILITADOS PARA PROCESAR TU SOLICITUD  DE LÍMITE DE SESIÓN. EL MENSAJE LÍMITE DE SESIÓN PUEDE SER MOSTRADO CUANDO RE-INICIES TU JUEGO.;У НАС НЕ ПОЛУЧИЛОСЬ ОБРАБОТАТЬ ВАШ ЗАПРОС НА ОГРАНИЧЕНИЕ СЕАНСА. КОГДА ВЫ ПЕРЕЗАПУСТИТЕ ИГРУ, МОЖЕТ ПОЯВИТЬСЯ СООБЩЕНИЕ ОБ ОГРАНИЧЕНИИ СЕАНСА.;NOUS N'AVONS PAS PU TRAITER VOTRE DEMANDE DE LIMITE DE SESSION. LE MESSAGE LIMITE DE SESSION PEUT ÊTRE AFFICHÉ LORSQUE VOUS REDÉMARREZ VOTRE JEU.;VI KUNDE INTE UTFÖRA DIN BEGÄRAN OM SESSIONSBEGRÄNSNING. ETT MEDDELANDE OM SESSIONSBEGRÄNSNING KAN VISAS NÄR DU STARTAR OM SPELET.;WIR KONNTEN IHRE ANFRAGE NACH EINEM SITZUNGSLIMIT NICHT BEARBEITEN. DIE MELDUNG ÜBER DAS SITZUNGSLIMIT KANN ANGEZEIGT WERDEN, WENN SIE IHR SPIEL NEU STARTEN.;EMME PYSTYNEET KÄSITTELEMÄÄN ISTUNTOSI RAJOITUSPYYNTÖÄ. ISTUNNON RAJOITUSVIESTI SAATTAA NÄKYÄ, KUN KÄYNNISTÄT PELIN UUDELLEEN.;VI KUNNE IKKE BEHANDLE FORESPØRSELEN OM ØKTBEGRENSNING. ØKTBEGRENSNINGS MELDINGEN KAN DUKKE OPP NÅR DU BEGYNNER SPILLET PÅ NYTT.;OTURUM SINIRI TALEBİNİZİ İŞLEMİYORUZ. OYUNUNUZU YENİDEN BAŞLATTIĞINIZDA, OTURUM SINIRI MESAJI GÖRÜNTÜLENEBİLİR.;MĒS NESPĒJĀM APSTRĀDĀT JŪSU SESIJAS IEROBEŽOJUMA PIEPRASĪJUMU. ZIŅOJUMS PAR SESIJAS IEROBEŽOJUMU VAR TIKT PARĀDĪTS, KAD RESTARTĒSIET SAVU SPĒLI.;MEIL EI ÕNNESTUNUD TÖÖDELDA TEIE SESSIOONIPIIRANGU PÄRINGUT. MÄNGU TAASALUSTAMISEL VÕIDAKSE TEILE KUVADA SESSIOONI AJAPIIRANGU TEADE.;NEPAVYKO APDOROTI JŪSŲ SEANSO APRIBOJIMO UŽKLAUSOS. KAI IŠ NAUJO PALEISITE LOŠIMĄ, GALI BŪTI PARODYTAS SEANSO APRIBOJIMO PRANEŠIMAS.;WE WERE UNABLE TO PROCESS YOUR SESSION LIMIT REQUEST. THE SESSION LIMIT MESSAGE MAY BE DISPLAYED WHEN YOU RESTART YOUR GAME.;WE WAREN NIET IN STAAT OM UW SESSIELIMIET VERZOEK TE VERWERKEN. HET BERICHT OVER DE SESSIELIMIET KAN WORDEN WEERGEGEVEN WANNEER U UW GAME OPNIEUW OPSTART.;NU AM PUTUT PROCESA SOLICITAREA DE LIMITARE A SESIUNII. MESAJUL DE LIMITARE A SESIUNII POATE FI AFIȘAT LA REPORNIREA JOCULUI.;WE WERE UNABLE TO PROCESS YOUR SESSION LIMIT REQUEST. THE SESSION LIMIT MESSAGE MAY BE DISPLAYED WHEN YOU RESTART YOUR GAME.;WE WERE UNABLE TO PROCESS YOUR SESSION LIMIT REQUEST. THE SESSION LIMIT MESSAGE MAY BE DISPLAYED WHEN YOU RESTART YOUR GAME.;ΔΕΝ ΗΤΑΝ ΔΥΝΑΤΗ Η ΕΠΕΞΕΡΓΑΣΙΑ ΤΟΥ ΑΙΤΗΜΑΤΟΣ ΣΑΣ ΓΙΑ ΟΡΙΟ ΠΕΡΙΟΔΟΥ ΣΥΝΔΕΣΗΣ. ΤΟ ΜΗΝΥΜΑ ΟΡΙΟΥ ΠΕΡΙΟΔΟΥ ΣΥΝΔΕΣΗΣ ΜΠΟΡΕΙ ΝΑ ΕΜΦΑΝΙΣΤΕΙ ΚΑΤΑ ΤΗΝ ΕΠΑΝΕΚΚΙΝΗΣΗ ΤΟΥ ΠΑΙΧΝΙΔΙΟΥ.;WE WERE UNABLE TO PROCESS YOUR SESSION LIMIT REQUEST. THE SESSION LIMIT MESSAGE MAY BE DISPLAYED WHEN YOU RESTART YOUR GAME.
CANNOT PROCESS GAME REQUEST DUE TO REALITY CHECK.;进行验证中，暂时无法处理游戏请求。;進行驗證中，暫時無法處理遊戲請求。;真偽の確認を理由にゲームを処理できません。;리얼리티 체크 때문에 게임 요청을 처리할 수 없습니다.;TIDAK DAPAT MEMPROSES PERMINTAAN PERMAINAN DIKARENAKAN OLEH PENGECEKAN REALITA.;ไม่สามารถดำเนินการตามคำขอเกมได้เนื่องจากการตรวจสอบความจริง;KHÔNG THỂ XỬ LÝ YÊU CẦU TRÒ CHƠI VÌ KIỂM TRA THỰC TẾ.;NÃO PODE PROCESSAR PEDIDO DE JOGO DEVIDO À VERIFICAÇÃO DE REALIDADE.;NO SE PUEDE PROCESAR EL JUEGO REQUERIDO DEBIDO A LA VERIFICACIÓN DE LA REALIDAD;НЕВОЗМОЖНО ОБРАБОТАТЬ ЗАЯВКУ НА ИГРУ ИЗ-ЗА ПРОВЕРКИ РЕАЛЬНЫХ ДАННЫХ.;LA DEMANDE DE JEU NE PEUT PAS ÊTRE TRAITÉE EN RAISON D'UN CONTRÔLE DES VALEURS RÉELLES.;SPELBEGÄRAN KAN INTE UTFÖRAS PÅ GRUND AV VERKLIGHETSKOLL.;KANN AUFGRUND DER REALITÄTSPRÜFUNG KEINE SPIELANFRAGE BEARBEITEN.;EI VOIDA KÄSITELLÄ PELIPYYNTÖÄ PELIAIKAMUISTUTUKSEN TAKIA.;KAN IKKE BEHANDLE SPILLFORESPØRSEL GRUNNET VIRKELIGHETSSJEKK.;GERÇEKLİK KONTROLÜ NEDENİYLE OYUN İSTEĞİ İŞLENEMİYOR.;NEVAR APSTRĀDĀT SPĒLES PIEPRASĪJUMU, JO NOTIEK REALITĀTES PĀRBAUDE.;EI SAA MÄNGUSOOVI RAHULDADA REAALSUSKONTROLLI TÕTTU.;DĖL REALYBĖS PATIKROS NEĮMANOMA APDOROTI LOŠIMO UŽKLAUSOS.;NIE MOŻE ROZPATRZYĆ WNIOSKU O GRĘ Z POWODU OCENY RZECZYWISTOŚCI.;KAN GAMEVERZOEK NIET VERWERKEN WEGENS REALITEITSCONTROLE.;NU SE POATE PROCESA CEREREA DE JOC DIN CAUZA PROCESULUI DE REVENIRE LA REALITATE.;CANNOT PROCESS GAME REQUEST DUE TO REALITY CHECK.;CANNOT PROCESS GAME REQUEST DUE TO REALITY CHECK.;ΔΕΝ ΕΙΝΑΙ ΔΥΝΑΤΗ Η ΕΠΕΞΕΡΓΑΣΙΑ ΤΟΥ ΑΙΤΗΜΑΤΟΣ ΠΑΙΧΝΙΔΙΟΥ ΛΟΓΩ ΕΛΕΓΧΟΥ ΠΡΑΓΜΑΤΙΚΟΤΗΤΑΣ.;CANNOT PROCESS GAME REQUEST DUE TO REALITY CHECK.
YOUR CURRENT SESSION HAS BEEN CLOSED. THIS ACCOUNT HAS BEEN LOCKED.;您的当前回合已被关闭。该帐户已被锁定。;您的當前回合已被關閉。該帳戶已被鎖定。;お客様の現在のセッションが終了しました。このアカウントはロックされました。;현재 세션이 끝났습니다. 이 계정은 잠겼습니다.;SESI ANDA SAAT INI TELAH DITUTUP. AKUN INI TELAH TERKUNCI.;YOUR CURRENT SESSION HAS BEEN CLOSED. THIS ACCOUNT HAS BEEN LOCKED.;PHIÊN CHƠI HIỆN TẠI CỦA BẠN ĐÃ BỊ ĐÓNG. TÀI KHOẢN NÀY ĐÃ BỊ KHÓA.;A SUA SESSÃO ATUAL ESTÁ FECHADA. ESTA CONTA ESTÁ BLOQUEADA.;TU SESIÓN ACTUAL HA SIDO CERRADA. ESTA CUENTA HA SIDO BLOCKEADA.;ВАШ ТЕКУЩИЙ СЕАНС БЫЛ ЗАКРЫТ. ЭТА УЧЕТНАЯ ЗАПИСЬ БЫЛА ЗАБЛОКИРОВАНА.;VOTRE SESSION ACTUELLE A ÉTÉ FERMÉE. CE COMPTE A ÉTÉ VERROUILLÉ.;DEN AKTUELLA SESSIONEN HAR AVSLUTATS. DET HÄR KONTOT ÄR LÅST.;IHRE AKTUELLE SITZUNG WURDE GESCHLOSSEN. DIESES KONTO WURDE GESPERRT.;NYKYINEN ISTUNTOSI ON SULJETTU. TÄMÄ TILI ON LUKITTU.;DIN NÅVÆRENDE ØKT HAR BLITT AVSLUTTET. DENNE KONTOEN ER LÅST.;MEVCUT OTURUMUNUZ KAPANDI. HESABINIZ KİLİTLENDİ.;JŪSU PAŠREIZĒJĀ SESIJA IR SLĒGTA. ŠIS KONTS IR BLOĶĒTS.;TEIE MÄNGUSESSIOON SULETI. SEE KONTO ON BLOKEERITUD.;JŪSŲ DABARTINIS SEANSAS BUVO UŽDARYTAS. ŠI PASKYRA UŽBLOKUOTA.;TWOJA BIEŻĄCA SESJA ZOSTAŁA ZAMKNIĘTA. TO KONTO ZOSTAŁO ZABLOKOWANE.;UW HUIDIGE SESSIE IS AFGESLOTEN. DEZE ACCOUNT IS GEBLOKKEERD.;SESIUNEA DVS. CURENTĂ A FOST ÎNCHISĂ. ACEST CONT A FOST BLOCAT.;YOUR CURRENT SESSION HAS BEEN CLOSED. THIS ACCOUNT HAS BEEN LOCKED.;YOUR CURRENT SESSION HAS BEEN CLOSED. THIS ACCOUNT HAS BEEN LOCKED.;Η ΤΡΕΧΟΥΣΑ ΠΕΡΙΟΔΟΣ ΣΥΝΔΕΣΗΣ ΣΑΣ ΕΧΕΙ ΚΛΕΙΣΕΙ. ΑΥΤΟΣ Ο ΛΟΓΑΡΙΑΣΜΟΣ ΕΧΕΙ ΚΛΕΙΔΩΘΕΙ.;YOUR CURRENT SESSION HAS BEEN CLOSED. THIS ACCOUNT HAS BEEN LOCKED.
YOUR SESSION HAS TIMED OUT. PLEASE TRY AGAIN.;登入已超时，请重试;登入已超時，請重試。;セッションがタイムアウトになりました。もう一度やり直してください;세션 시간이 초과되었습니다. 다시 시도하십시오.;SESI ANDA TELAH TIME OUT. MOHON COBA KEMBALI.;เซสชั่นของคุณได้หมดเวลา โปรดลองอีกครั้ง.;PHIÊN CHƠI CỦA BẠN ĐÃ HẾT HẠN. VUI LÒNG THỬ LẠI.;SUA SESSÃO EXPIROU. POR FAVOR, TENTE NOVAMENTE.;TU SESIÓN HA EXPIRADO EN TIEMPO. POR FAVOR INTENTE OTRA VEZ.;ВАШ СЕАНС ЗАВЕРШЕН. ПОПРОБУЙТЕ ЕЩЕ РАЗ.;VOTRE SESSION A EXPIRÉ. VEUILLEZ RÉESSAYER.;DIN SESSION HAR AVBRUTITS P.G.A. ATT TIDSGRÄNSEN UPPNÅTTS. FÖRSÖK GÄRNA IGEN.;IHRE SITZUNG IST ABGELAUFEN. BITTE VERSUCHEN SIE ES ERNEUT.;ISTUNTOSI AIKAKATKAISTIIN. YRITÄ UUDELLEEN.;DIN NÅVÆRENDE ØKT HAR FÅTT ET TIDSAVBRUDD. VENNLIGST PRØV IGJEN.;OTURUMUNUZ ZAMAN AŞIMINA UĞRADI. LÜTFEN TEKRAR DENEYİN.;JŪSU SESIJAI IR IESTĀJIES TAIMAUTS. LŪDZU, MĒĢINIET VĒLREIZ.;TEIE SESSIOON ON AEGUNUD. PALUN PROOVIGE UUESTI.;JŪSŲ SEANSO SKIRTASIS LAIKAS BAIGĖSI. PAMĖGINKITE DAR KARTĄ.;TWOJA SESJA ZOSTAŁA ZAKOŃCZONA. SPRÓBUJ PONOWNIE.;UW SESSIE IS VERSTREKEN. PROBEER HET OPNIEUW.;SESIUNEA DVS. A EXPIRAT. ÎNCERCAȚI DIN NOU.;YOUR SESSION HAS TIMED OUT. PLEASE TRY AGAIN.;YOUR SESSION HAS TIMED OUT. PLEASE TRY AGAIN.;Η ΠΕΡΙΟΔΟΣ ΣΥΝΔΕΣΗΣ ΣΑΣ ΕΛΗΞΕ. ΔΟΚΙΜΑΣΤΕ ΞΑΝΑ.;YOUR SESSION HAS TIMED OUT. PLEASE TRY AGAIN.
Network Error;网络错误;網路錯誤;ネットワークエラー;네트워크 오류;Kesalahan Jaringan;ข้อผิดพลาดเครือข่าย;Lỗi Mạng;Erro de rede;Error de la red;Ошибка Сети;Erreur réseau;Nätverksfel;Netzwerkfehler;Verkkovirhe;Nettverksfeil;Ağ Hatası;Tīkla kļūda;Võrguviga;Tinklo klaida;Błąd sieci;Netwerkfout;Eroare de rețea;Network Error;Network Error;Σφάλμα δικτύου;Network Error
BUY FEATURE ACTIVATED!;购买功能已激活！;購買功能已啟動！;購入機能が起動しました！;구매 피처 활성화!;FITUR BELI TELAH DIAKTIFKAN!;การซื้อฟีเจอร์ถูกเปิดใช้งาน!;ĐÃ KÍCH HOẠT TÍNH NĂNG MUA!;RECURSO COMPRAR ATIVADO!;¡COMPRA DE FUNCIONES ACTIVADA!;ФУНКЦИЯ «КУПИТЬ» АКТИВИРОВАНА!;FONCTION D'ACHAT ACTIVÉE !;KÖP FUNKTIONEN AKTIVERAD!;KAUFFUNKTION AKTIVIERT!;OSTOTOIMINTO AKTIVOITU!;KJØP-FUNKSJON AKTIVERT!;SATIN ALMA ÖZELLİĞİ ETKİNLEŞTİRİLDİ!;PĒRCIET AKTIVIZĒTO PAPILDSPĒLI!;OSTETAV VOOR AKTIVEERITUD!;FUNKCIJOS PIRKIMAS SUAKTYVINTAS!;FUNKCJA ZAKUPU ZOSTAŁA AKTYWOWANA!;KOOP FUNCTIE GEACTIVEERD!;SECVENȚA CUMPĂRARE ACTIVATĂ!;Play FEATURE ACTIVATED!;PLAY FEATURE ACTIVATED!;Η ΛΕΙΤΟΥΡΓΙΑ ΑΓΟΡΑΣ ΕΝΕΡΓΟΠΟΙΗΘΗΚΕ!;PLAY FEATURE ACTIVATED!
CLICK TO CHANGE BETWEEN COIN AND MONEY VIEW;点击切换代币视图与货币视图;按一下可在硬幣和貨幣視圖之間切換;クリックしてコインビューと\nマネービューを切り替えます;클릭하여 코인 뷰 또는 머니 뷰를 선택하세요;KLIK UNTUK MENGUBAH ANTARA TAMPILAN KOIN DAN UANG;คลิกเพื่อเปลี่ยนระหว่างเห\nรียญและมุมมองเงินตรา;NHẤP ĐỂ THAY ĐỔI GIỮA CHẾ ĐỘ XEM ĐỒNG XU VÀ TIỀN;CLIQUE PARA MUDAR ENTRE A EXIBIÇÃO DE MOEDA E DINHEIRO;HAZ CLIC PARA CAMBIAR ENTRE LA VISTA DE MONEDAS Y DINERO;НАЖМИТЕ, ЧТОБЫ ПЕРЕКЛЮЧИТЬСЯ МЕЖДУ ПРОСМОТРОМ МОНЕТ И ДЕНЕГ;CLIQUEZ POUR PASSER DE LA VUE PIÈCE À LA VUE ARGENT;KLICKA FÖR ATT VÄXLA MELLAN VY FÖR MYNT OCH PENGAR;ZUM WECHSELN ZWISCHEN MÜNZ- UND GELDANSICHT KLICKEN;NAPSAUTA VAIHTAAKSESI KOLIKKO- JA RAHANÄKYMÄN VÄLILLÄ;TRYKK FOR Å ENDRE MELLOM MYNT- OG PENGEVISNING;JETON VE PARA GÖRÜNÜMÜ ARASINDA GEÇİŞ YAPMAK İÇİN TIKLAYIN;NOKLIKŠĶINIET, LAI PĀRSLĒGTOS STARP MONĒTU UN NAUDAS SKATU;KLÕPSA MÜNTIDE JA RAHA VAATE VAHETAMISEKS;SPUSTELĖKITE, JEI NORITE PERJUNGTI MONETŲ IR PINIGŲ RODINĮ;KLIKNIJ, ABY ZMIENIĆ MIĘDZY WIDOKIEM MONET I PIENIĘDZY;KLIK OM TE WISSELEN TUSSEN MUNTEN- EN GELDWEERGAVE;FACEȚI CLIC PENTRU A COMUTA ÎNTRE VIZUALIZAREA CU FISE ȘI VIZUALIZAREA CU BANI;CLICK TO CHANGE BETWEEN COIN AND MONEY VIEW;CLICK TO CHANGE BETWEEN COIN AND MONEY VIEW;ΚΑΝΤΕ ΚΛΙΚ ΓΙΑ ΕΝΑΛΛΑΓΗ ΜΕΤΑΞΥ ΠΡΟΒΟΛΗΣ ΝΟΜΙΣΜΑΤΩΝ ΚΑΙ ΧΡΗΜΑΤΩΝ;CLICK TO CHANGE BETWEEN COIN AND MONEY VIEW
RTP;RTP;RTP;RTP;RTP;RTP;RTP;RTP;RTP;RTP;RTP;RTP;RTP;RTP;RTP;RTP;RTP;RTP;RTP;RTP;RTP;RTP;RTP;RTP;RTP;RTP;RTP
Max Win;最大赢奖;最大獎金;最大賞金;최대 상금;Kemenangan Maksimum;เงินรางวัลสูงสุด;Chiến Thắng Tối Đa;Prêmio máx.;Premio máximo;Макс. выигрыш;Gain max;Maxvinst;Max. Gewinn;Maksimivoitto;Maksgevinst;Maksimum Kazanç;Maks. laimests;Maksimaalne võit;Maksimalus laimėjimas;Maks. wygrana;Max. winst;Câștig maxim;Max Win;Max Win;Μέγ. κέρδος;Max Win
Mio.;Mio.;Mio.;Mio.;Mio.;Mio.;Mio.;Mio.;Mio.;Mio.;Mio.;Mio.;Mio.;Mio.;Mio.;Mio.;Mio.;Mio.;Mio.;Mio.;Mio.;Mio.;Mio.;Mio.;Mio.;Mio.;Mio.
Max Payout Reached!;已达到最高赔付！;達到了最大派彩！;最大ペイアウトに到達！;최대 지급액에 도달했습니다!;Bayaran Maksimum Tercapai!;ถึงยอดการจ่ายเงินสูงสุดแล้ว!;Đã Đạt Đến Mức Trả Thưởng Tối Đa!;Pagamento máx. atingido!;¡Pago máximo alcanzado!;Достигнута макс. выплата!;Paiement maximal atteint !;Maximal utbetalning nådd!;Max. Auszahlung erreicht!;Maksimivoitto saavutettu!;Maks utbetaling nådd!;Maksimum Kazanca Ulaşıldı!;Sasniegta maksimālā izmaksa!;Maksimaalne väljamakse saavutatud!;Pasiekėte didžiausią išmoką!;Osiągnięto maksymalną wypłatę!;Max. uitbetaling bereikt!;Plată maximă atinsă!;Max Payout Reached!;Max Win amount Reached!;Συμπληρώθηκε το μέγιστο ποσό πληρωμής!;Max Win amount Reached!
Replay Initializing;正在初始化重玩;正在啟動重播中;リプレイ初期化中;리플레이 초기화 중;Permainan Ulang Dimulai;กำลังเริ่มรีเพลย์;Phát Lại Đang Bắt Đầu;Inicializando o Repetir;Iniciando reproducción;Инициализация Переигровки;Initialisation du rejouer;Repris initieras;Wiederholung wird gestartet;Uusintapeli käynnistymässä;Omspill starter;Yeniden Oynatma Başlatılıyor;Tiek uzsākta atkārtojuma atskaņošana;Taasesituse alustamine;Inicijuojamas pakartojimas;Inicjowanie powtórki;Herhaling initialiseren;Inițializare reluare;Replay Initializing;Replay Initializing;Αρχικοποίηση επανάληψης;Replay Initializing
Replay Has Ended;重玩已结束;重播已結束;リプレイ終了;리플레이가 종료되었습니다;Permainan Ulang Telah Berakhir;รีเพลย์สิ้นสุดลงแล้ว;Phát lại Đã Kết Thúc;O replay terminou;La repetición ha finalizado;Переигровка закончилась;Le rejouer est terminé;Repris avslutad;Wiederholung ist beendet;Uusintapeli on päättynyt;Omspill er avsluttet;Yeniden Oynatma Sona Erdi;Atkārtojums ir beidzies;Taasesitus on lõppenud;Pakartojimas baigėsi;Koniec powtórki;Herhaling is beëindigd;Reluarea s-a încheiat;Replay Has Ended;Replay Has Ended;Η αναπαραγωγή έχει λήξει;Replay Has Ended
Date;日期;日期;日付;날짜;Tanggal;วันที่;Ngày;Data;Fecha;Дата;Date;Datum;Datum;Päivämäärä;Dato;Tarih;Datums;Kuupäev;Data;Data;Datum;Data;Date;Date;Ημερομηνία;Date
Play Id;游戏ID;遊戲ID;プレイID;플레이 ID;ID Permainan;ID การเล่น;ID Chơi;ID do jogo;ID de juego;ID игры;Identifiant de jeu;Spel-ID;Spiel-ID;Pelitunnus;Spill-ID;Oyun Kimliği;Spēles ID;Mängu ID;Žaidimo ID;Identyfikator gry;Spel-ID;ID de redare;Play Id;Play Id;Αναγνωριστικό αναπαραγωγής;Play Id
Win;赢奖;獎金;賞金;승리;Kemenangan;เงินรางวัล;Thắng;Prêmio;Premio;Выигрыш;Gain;Vinst;Gewinn;Voitto;Gevinst;Kazanç;Laimests;Võit;Laimėjimas;Wygrana;Winst;Câștig;Win;Win;Κέρδος;Win
YOUR ACCOUNT BALANCE IS TOO LOW TO PLACE THIS BET.;您没有足够的余额进行投注！;您沒有足夠的餘額進行投注！;このベットをするには残高不足です。;귀하의 차감 잔고액이 너무 적어 이 베팅을 할 수 없습니다.;SALDO AKUN ANDA TERLALU RENDAH UNTUK MENEMPATKAN TARUHAN INI.;ยอดเงินในบัญชีของคุณต่ำเกินไปที่จะวางเดิมพันน;SỐ DƯ TÀI KHOẢN CỦA BẠN QUÁ THẤP ĐỂ ĐẶT CƯỢC NÀY.;Seu saldo de conta é muito baixo para colocar essa aposta.;EL SALDO DE TU CUENTA ES MUY BAJO PARA COLOCAR ÉSTA APUESTA.;БАЛАНС УЧЕТНОЙ ЗАПИСИ НЕДОСТАТОЧЕН ДЛЯ ЭТОЙ СТАВКИ.;LE SOLDE DE VOTRE COMPTE EST TROP BAS POUR PLACER CETTE MISE.;DITT KONTOSALDO ÄR FÖR LÅGT FÖR DEN HÄR INSATSEN.;IHR KONTOSTAND IST ZU NIEDRIG, UM DIESE WETTE ZU PLATZIEREN.;TILISI SALDO EI RIITÄ TÄMÄN PANOKSEN ASETTAMISEEN.;DIN KONTOSALDO ER FOR LAV FOR Å SATSE DETTE.;HESAP BAKİYENİZ BU BAHSİ OYNAMAK İÇİN ÇOK DÜŞÜK;JŪSU KONTA ATLIKUMS IR PĀRĀK MAZS, LAI VEIKTU ŠO LIKMI.;TEIE SALDO ON LIIGA MADAL SELLE PANUSE TEGEMISEKS.;JŪSŲ PASKYROS LIKUTIS PER MAŽAS, KAD GALĖTUMĖTE PASTATYTI ŠIĄ SUMĄ.;STAN TWOJEGO KONTA JEST ZBYT NISKI, ABY POSTAWIĆ TEN ZAKŁAD.;UW ACCOUNTSALDO IS TE LAAG OM DEZE INZET TE PLAATSEN.;SOLDUL CONTULUI DVS. ESTE PREA MIC PENTRU A PLASA ACEST PARIU.;YOUR ACCOUNT BALANCE IS TOO LOW TO PLACE THIS PLAY AMOUNT.;YOUR ACCOUNT BALANCE IS TOO LOW TO PLACE THIS PLAY AMOUNT.;ΤΟ ΥΠΟΛΟΙΠΟ ΤΟΥ ΛΟΓΑΡΙΑΣΜΟΥ ΣΑΣ ΕΙΝΑΙ ΠΟΛΥ ΧΑΜΗΛΟ ΓΙΑ ΝΑ ΤΟΠΟΘΕΤΗΣΕΤΕ ΑΥΤΟ ΤΟ ΠΟΝΤΑΡΙΣΜΑ.;YOUR ACCOUNT BALANCE IS TOO LOW TO PLACE THIS PLAY AMOUNT.
Return To Player:;返还玩家:;返還玩家:;プレーヤー {0} への払い戻し:;플레이어: {0}(으)로 복귀;Kembali ke Pemain:;กลับไปยังผู้เล่น:;Quay lại Người chơi:;Retorno ao Jogador:;Retorno al jugador:;Процент выплат игрокам:;Retour au joueur:;Återgå till spelare:;Rückkehr zum Spieler:;Palaa pelaajaan:;Returnert til spiller:;Oyuncuya Dönen:;Teorētiskā atdeve spēlētājam:;Kasum mängijale:;Išmokų lošėjams procentas:;Zwrot dla gracza:;Return To Player:;Reveniți la jucător:;Return To Player:;Return To Player:;Επιστροφή στον παίκτη:;Return To Player:
Buy Feature:;购买功能:;購買功能:;購入機能:;기능 구매:;Fitur Beli:;ซื้อฟีเจอร์ :;Tính năng Mua:;Recurso Comprar:;Comprar Función:;Купить Функцию:;Fonction Achat:;Köpfunktion:;Kauffunktion:;Osta toiminto:;Kjøps-funksjonen:;Satın Alma Özelliği:;Pirkt Papildspēli:;Ostetav voor:;Funkcijos Pirkimas:;Kup Funkcję:;Aankoopfunctie:;Secvența Cumpărare:;Buy Feature:;PLAY Feature:;Λειτουργία αγοράς:;PLAY Feature:
UST;UST;UST;UST;UST;UST;UST;UST;UST;UST;UST;UST;UST;UST;UST;UST;UST;UST;UST;UST;UST;UST;UST;UST;UST;UST;UST
OK;OK;OK;OK;OK;OK;OK;OK;OK;OK;OK;OK;OK;OK;OK;OK;OK;OK;OK;OK;OK;OK;OK;OK;OK;OK;OK
Bad request;Bad request;Bad request;Bad request;Bad request;Bad request;Bad request;Bad request;Bad request;Bad request;Bad request;Bad request;Bad request;Bad request;Bad request;Bad request;Bad request;Bad request;Bad request;Bad request;Bad request;Bad request;Bad request;Bad request;Bad request;Bad request;Bad request
Invalid client IP;Invalid client IP;Invalid client IP;Invalid client IP;Invalid client IP;Invalid client IP;Invalid client IP;Invalid client IP;Invalid client IP;Invalid client IP;Invalid client IP;Invalid client IP;Invalid client IP;Invalid client IP;Invalid client IP;Invalid client IP;Invalid client IP;Invalid client IP;Invalid client IP;Invalid client IP;Invalid client IP;Invalid client IP;Invalid client IP;Invalid client IP;Invalid client IP;Invalid client IP;Invalid client IP
Invalid country;Invalid country;Invalid country;Invalid country;Invalid country;Invalid country;Invalid country;Invalid country;Invalid country;Invalid country;Invalid country;Invalid country;Invalid country;Invalid country;Invalid country;Invalid country;Invalid country;Invalid country;Invalid country;Invalid country;Invalid country;Invalid country;Invalid country;Invalid country;Invalid country;Invalid country;Invalid country
Jurisdiction not found;Jurisdiction not found;Jurisdiction not found;Jurisdiction not found;Jurisdiction not found;Jurisdiction not found;Jurisdiction not found;Jurisdiction not found;Jurisdiction not found;Jurisdiction not found;Jurisdiction not found;Jurisdiction not found;Jurisdiction not found;Jurisdiction not found;Jurisdiction not found;Jurisdiction not found;Jurisdiction not found;Jurisdiction not found;Jurisdiction not found;Jurisdiction not found;Jurisdiction not found;Jurisdiction not found;Jurisdiction not found;Jurisdiction not found;Jurisdiction not found;Jurisdiction not found;Jurisdiction not found
Jurisdiction settings not found;Jurisdiction settings not found;Jurisdiction settings not found;Jurisdiction settings not found;Jurisdiction settings not found;Jurisdiction settings not found;Jurisdiction settings not found;Jurisdiction settings not found;Jurisdiction settings not found;Jurisdiction settings not found;Jurisdiction settings not found;Jurisdiction settings not found;Jurisdiction settings not found;Jurisdiction settings not found;Jurisdiction settings not found;Jurisdiction settings not found;Jurisdiction settings not found;Jurisdiction settings not found;Jurisdiction settings not found;Jurisdiction settings not found;Jurisdiction settings not found;Jurisdiction settings not found;Jurisdiction settings not found;Jurisdiction settings not found;Jurisdiction settings not found;Jurisdiction settings not found;Jurisdiction settings not found
Invalid operator;Invalid operator;Invalid operator;Invalid operator;Invalid operator;Invalid operator;Invalid operator;Invalid operator;Invalid operator;Invalid operator;Invalid operator;Invalid operator;Invalid operator;Invalid operator;Invalid operator;Invalid operator;Invalid operator;Invalid operator;Invalid operator;Invalid operator;Invalid operator;Invalid operator;Invalid operator;Invalid operator;Invalid operator;Invalid operator;Invalid operator
Game not configured for the operator;Game not configured for the operator;Game not configured for the operator;Game not configured for the operator;Game not configured for the operator;Game not configured for the operator;Game not configured for the operator;Game not configured for the operator;Game not configured for the operator;Game not configured for the operator;Game not configured for the operator;Game not configured for the operator;Game not configured for the operator;Game not configured for the operator;Game not configured for the operator;Game not configured for the operator;Game not configured for the operator;Game not configured for the operator;Game not configured for the operator;Game not configured for the operator;Game not configured for the operator;Game not configured for the operator;Game not configured for the operator;Game not configured for the operator;Game not configured for the operator;Game not configured for the operator;Game not configured for the operator
Game not enabled for the operator;Game not enabled for the operator;Game not enabled for the operator;Game not enabled for the operator;Game not enabled for the operator;Game not enabled for the operator;Game not enabled for the operator;Game not enabled for the operator;Game not enabled for the operator;Game not enabled for the operator;Game not enabled for the operator;Game not enabled for the operator;Game not enabled for the operator;Game not enabled for the operator;Game not enabled for the operator;Game not enabled for the operator;Game not enabled for the operator;Game not enabled for the operator;Game not enabled for the operator;Game not enabled for the operator;Game not enabled for the operator;Game not enabled for the operator;Game not enabled for the operator;Game not enabled for the operator;Game not enabled for the operator;Game not enabled for the operator;Game not enabled for the operator
Invalid game;Invalid game;Invalid game;Invalid game;Invalid game;Invalid game;Invalid game;Invalid game;Invalid game;Invalid game;Invalid game;Invalid game;Invalid game;Invalid game;Invalid game;Invalid game;Invalid game;Invalid game;Invalid game;Invalid game;Invalid game;Invalid game;Invalid game;Invalid game;Invalid game;Invalid game;Invalid game
Invalid game status;Invalid game status;Invalid game status;Invalid game status;Invalid game status;Invalid game status;Invalid game status;Invalid game status;Invalid game status;Invalid game status;Invalid game status;Invalid game status;Invalid game status;Invalid game status;Invalid game status;Invalid game status;Invalid game status;Invalid game status;Invalid game status;Invalid game status;Invalid game status;Invalid game status;Invalid game status;Invalid game status;Invalid game status;Invalid game status;Invalid game status
Currency is not configured for the game;Currency is not configured for the game;Currency is not configured for the game;Currency is not configured for the game;Currency is not configured for the game;Currency is not configured for the game;Currency is not configured for the game;Currency is not configured for the game;Currency is not configured for the game;Currency is not configured for the game;Currency is not configured for the game;Currency is not configured for the game;Currency is not configured for the game;Currency is not configured for the game;Currency is not configured for the game;Currency is not configured for the game;Currency is not configured for the game;Currency is not configured for the game;Currency is not configured for the game;Currency is not configured for the game;Currency is not configured for the game;Currency is not configured for the game;Currency is not configured for the game;Currency is not configured for the game;Currency is not configured for the game;Currency is not configured for the game;Currency is not configured for the game
Invalid currency status;Invalid currency status;Invalid currency status;Invalid currency status;Invalid currency status;Invalid currency status;Invalid currency status;Invalid currency status;Invalid currency status;Invalid currency status;Invalid currency status;Invalid currency status;Invalid currency status;Invalid currency status;Invalid currency status;Invalid currency status;Invalid currency status;Invalid currency status;Invalid currency status;Invalid currency status;Invalid currency status;Invalid currency status;Invalid currency status;Invalid currency status;Invalid currency status;Invalid currency status;Invalid currency status
Default currency not found;Default currency not found;Default currency not found;Default currency not found;Default currency not found;Default currency not found;Default currency not found;Default currency not found;Default currency not found;Default currency not found;Default currency not found;Default currency not found;Default currency not found;Default currency not found;Default currency not found;Default currency not found;Default currency not found;Default currency not found;Default currency not found;Default currency not found;Default currency not found;Default currency not found;Default currency not found;Default currency not found;Default currency not found;Default currency not found;Default currency not found
Invalid default currency status;Invalid default currency status;Invalid default currency status;Invalid default currency status;Invalid default currency status;Invalid default currency status;Invalid default currency status;Invalid default currency status;Invalid default currency status;Invalid default currency status;Invalid default currency status;Invalid default currency status;Invalid default currency status;Invalid default currency status;Invalid default currency status;Invalid default currency status;Invalid default currency status;Invalid default currency status;Invalid default currency status;Invalid default currency status;Invalid default currency status;Invalid default currency status;Invalid default currency status;Invalid default currency status;Invalid default currency status;Invalid default currency status;Invalid default currency status
Jurisdiction not configured for the game;Jurisdiction not configured for the game;Jurisdiction not configured for the game;Jurisdiction not configured for the game;Jurisdiction not configured for the game;Jurisdiction not configured for the game;Jurisdiction not configured for the game;Jurisdiction not configured for the game;Jurisdiction not configured for the game;Jurisdiction not configured for the game;Jurisdiction not configured for the game;Jurisdiction not configured for the game;Jurisdiction not configured for the game;Jurisdiction not configured for the game;Jurisdiction not configured for the game;Jurisdiction not configured for the game;Jurisdiction not configured for the game;Jurisdiction not configured for the game;Jurisdiction not configured for the game;Jurisdiction not configured for the game;Jurisdiction not configured for the game;Jurisdiction not configured for the game;Jurisdiction not configured for the game;Jurisdiction not configured for the game;Jurisdiction not configured for the game;Jurisdiction not configured for the game;Jurisdiction not configured for the game
Invalid jurisdiction for the game;Invalid jurisdiction for the game;Invalid jurisdiction for the game;Invalid jurisdiction for the game;Invalid jurisdiction for the game;Invalid jurisdiction for the game;Invalid jurisdiction for the game;Invalid jurisdiction for the game;Invalid jurisdiction for the game;Invalid jurisdiction for the game;Invalid jurisdiction for the game;Invalid jurisdiction for the game;Invalid jurisdiction for the game;Invalid jurisdiction for the game;Invalid jurisdiction for the game;Invalid jurisdiction for the game;Invalid jurisdiction for the game;Invalid jurisdiction for the game;Invalid jurisdiction for the game;Invalid jurisdiction for the game;Invalid jurisdiction for the game;Invalid jurisdiction for the game;Invalid jurisdiction for the game;Invalid jurisdiction for the game;Invalid jurisdiction for the game;Invalid jurisdiction for the game;Invalid jurisdiction for the game
Language not configured for the game;Language not configured for the game;Language not configured for the game;Language not configured for the game;Language not configured for the game;Language not configured for the game;Language not configured for the game;Language not configured for the game;Language not configured for the game;Language not configured for the game;Language not configured for the game;Language not configured for the game;Language not configured for the game;Language not configured for the game;Language not configured for the game;Language not configured for the game;Language not configured for the game;Language not configured for the game;Language not configured for the game;Language not configured for the game;Language not configured for the game;Language not configured for the game;Language not configured for the game;Language not configured for the game;Language not configured for the game;Language not configured for the game;Language not configured for the game
Invalid language status;Invalid language status;Invalid language status;Invalid language status;Invalid language status;Invalid language status;Invalid language status;Invalid language status;Invalid language status;Invalid language status;Invalid language status;Invalid language status;Invalid language status;Invalid language status;Invalid language status;Invalid language status;Invalid language status;Invalid language status;Invalid language status;Invalid language status;Invalid language status;Invalid language status;Invalid language status;Invalid language status;Invalid language status;Invalid language status;Invalid language status
Default language not found;Default language not found;Default language not found;Default language not found;Default language not found;Default language not found;Default language not found;Default language not found;Default language not found;Default language not found;Default language not found;Default language not found;Default language not found;Default language not found;Default language not found;Default language not found;Default language not found;Default language not found;Default language not found;Default language not found;Default language not found;Default language not found;Default language not found;Default language not found;Default language not found;Default language not found;Default language not found
Default language status not valid;Default language status not valid;Default language status not valid;Default language status not valid;Default language status not valid;Default language status not valid;Default language status not valid;Default language status not valid;Default language status not valid;Default language status not valid;Default language status not valid;Default language status not valid;Default language status not valid;Default language status not valid;Default language status not valid;Default language status not valid;Default language status not valid;Default language status not valid;Default language status not valid;Default language status not valid;Default language status not valid;Default language status not valid;Default language status not valid;Default language status not valid;Default language status not valid;Default language status not valid;Default language status not valid
Bet levels not found;Bet levels not found;Bet levels not found;Bet levels not found;Bet levels not found;Bet levels not found;Bet levels not found;Bet levels not found;Bet levels not found;Bet levels not found;Bet levels not found;Bet levels not found;Bet levels not found;Bet levels not found;Bet levels not found;Bet levels not found;Bet levels not found;Bet levels not found;Bet levels not found;Bet levels not found;Bet levels not found;Bet levels not found;Bet levels not found;Bet levels not found;Bet levels not found;Bet levels not found;Bet levels not found
Integration not found;Integration not found;Integration not found;Integration not found;Integration not found;Integration not found;Integration not found;Integration not found;Integration not found;Integration not found;Integration not found;Integration not found;Integration not found;Integration not found;Integration not found;Integration not found;Integration not found;Integration not found;Integration not found;Integration not found;Integration not found;Integration not found;Integration not found;Integration not found;Integration not found;Integration not found;Integration not found
Session expired;Session expired;Session expired;Session expired;Session expired;Session expired;Session expired;Session expired;Session expired;Session expired;Session expired;Session expired;Session expired;Session expired;Session expired;Session expired;Session expired;Session expired;Session expired;Session expired;Session expired;Session expired;Session expired;Session expired;Session expired;Session expired;Session expired
Game Engine Bad Response;Game Engine Bad Response;Game Engine Bad Response;Game Engine Bad Response;Game Engine Bad Response;Game Engine Bad Response;Game Engine Bad Response;Game Engine Bad Response;Game Engine Bad Response;Game Engine Bad Response;Game Engine Bad Response;Game Engine Bad Response;Game Engine Bad Response;Game Engine Bad Response;Game Engine Bad Response;Game Engine Bad Response;Game Engine Bad Response;Game Engine Bad Response;Game Engine Bad Response;Game Engine Bad Response;Game Engine Bad Response;Game Engine Bad Response;Game Engine Bad Response;Game Engine Bad Response;Game Engine Bad Response;Game Engine Bad Response;Game Engine Bad Response
Insufficient funds;Insufficient funds;Insufficient funds;Insufficient funds;Insufficient funds;Insufficient funds;Insufficient funds;Insufficient funds;Insufficient funds;Insufficient funds;Insufficient funds;Insufficient funds;Insufficient funds;Insufficient funds;Insufficient funds;Insufficient funds;Insufficient funds;Insufficient funds;Insufficient funds;Insufficient funds;Insufficient funds;Insufficient funds;Insufficient funds;Insufficient funds;Insufficient funds;Insufficient funds;Insufficient funds
Internal error;Internal error;Internal error;Internal error;Internal error;Internal error;Internal error;Internal error;Internal error;Internal error;Internal error;Internal error;Internal error;Internal error;Internal error;Internal error;Internal error;Internal error;Internal error;Internal error;Internal error;Internal error;Internal error;Internal error;Internal error;Internal error;Internal error
Message;Message;Message;Message;Message;Message;Message;Message;Message;Message;Message;Message;Message;Message;Message;Message;Message;Message;Message;Message;Message;Message;Message;Message;Message;Message;Message
Start Balance;Start Balance;Start Balance;Start Balance;Start Balance;Start Balance;Start Balance;Start Balance;Start Balance;Start Balance;Start Balance;Start Balance;Start Balance;Start Balance;Start Balance;Start Balance;Start Balance;Start Balance;Start Balance;Start Balance;Start Balance;Start Balance;Start Balance;Start Balance;Start Balance;Start Balance;Start Balance
End Balance;End Balance;End Balance;End Balance;End Balance;End Balance;End Balance;End Balance;End Balance;End Balance;End Balance;End Balance;End Balance;End Balance;End Balance;End Balance;End Balance;End Balance;End Balance;End Balance;End Balance;End Balance;End Balance;End Balance;End Balance;End Balance;End Balance
Your session has now exceeded;Your session has now exceeded;Your session has now exceeded;Your session has now exceeded;Your session has now exceeded;Your session has now exceeded;Your session has now exceeded;Your session has now exceeded;Your session has now exceeded;Your session has now exceeded;Your session has now exceeded;Your session has now exceeded;Your session has now exceeded;Your session has now exceeded;Your session has now exceeded;Your session has now exceeded;Your session has now exceeded;Your session has now exceeded;Your session has now exceeded;Your session has now exceeded;Your session has now exceeded;Your session has now exceeded;Your session has now exceeded;Your session has now exceeded;Your session has now exceeded;Your session has now exceeded;Your session has now exceeded
You can continue playing the game or review your Game History.;You can continue playing the game or review your Game History.;You can continue playing the game or review your Game History.;You can continue playing the game or review your Game History.;You can continue playing the game or review your Game History.;You can continue playing the game or review your Game History.;You can continue playing the game or review your Game History.;You can continue playing the game or review your Game History.;You can continue playing the game or review your Game History.;You can continue playing the game or review your Game History.;You can continue playing the game or review your Game History.;You can continue playing the game or review your Game History.;You can continue playing the game or review your Game History.;You can continue playing the game or review your Game History.;You can continue playing the game or review your Game History.;You can continue playing the game or review your Game History.;You can continue playing the game or review your Game History.;You can continue playing the game or review your Game History.;You can continue playing the game or review your Game History.;You can continue playing the game or review your Game History.;You can continue playing the game or review your Game History.;You can continue playing the game or review your Game History.;You can continue playing the game or review your Game History.;You can continue playing the game or review your Game History.;You can continue playing the game or review your Game History.;You can continue playing the game or review your Game History.;You can continue playing the game or review your Game History.
HISTORY;HISTORY;HISTORY;HISTORY;HISTORY;HISTORY;HISTORY;HISTORY;HISTORY;HISTORY;HISTORY;HISTORY;HISTORY;HISTORY;HISTORY;HISTORY;HISTORY;HISTORY;HISTORY;HISTORY;HISTORY;HISTORY;HISTORY;HISTORY;HISTORY;HISTORY;HISTORY
Replay;Replay;Replay;Replay;Replay;Replay;Replay;Replay;Replay;Replay;Replay;Replay;Replay;Replay;Replay;Replay;Replay;Replay;Replay;Replay;Replay;Replay;Replay;Replay;Replay;Replay;Replay
OK;OK;OK;OK;OK;OK;OK;OK;OK;OK;OK;OK;OK;OK;OK;OK;OK;OK;OK;OK;OK;OK;OK;OK;OK;OK;OK
FEATURES;FEATURES;FEATURES;FEATURES;FEATURES;FEATURES;FEATURES;FEATURES;FEATURES;FEATURES;FEATURES;FEATURES;FEATURES;FEATURES;FEATURES;FEATURES;FEATURES;FEATURES;FEATURES;FEATURES;FEATURES;FEATURES;FEATURES;FEATURES;FEATURES;FEATURES;FEATURES
Autoplay stopped because loss limit was reached.;Autoplay stopped because loss limit was reached.;Autoplay stopped because loss limit was reached.;Autoplay stopped because loss limit was reached.;Autoplay stopped because loss limit was reached.;Autoplay stopped because loss limit was reached.;Autoplay stopped because loss limit was reached.;Autoplay stopped because loss limit was reached.;Autoplay stopped because loss limit was reached.;Autoplay stopped because loss limit was reached.;Autoplay stopped because loss limit was reached.;Autoplay stopped because loss limit was reached.;Autoplay stopped because loss limit was reached.;Autoplay stopped because loss limit was reached.;Autoplay stopped because loss limit was reached.;Autoplay stopped because loss limit was reached.;Autoplay stopped because loss limit was reached.;Autoplay stopped because loss limit was reached.;Autoplay stopped because loss limit was reached.;Autoplay stopped because loss limit was reached.;Autoplay stopped because loss limit was reached.;Autoplay stopped because loss limit was reached.;Autoplay stopped because loss limit was reached.;Autoplay stopped because loss limit was reached.;Autoplay stopped because loss limit was reached.;Autoplay stopped because loss limit was reached.;Autoplay stopped because loss limit was reached.
